repo,file,line,kind,message,label
requests,src/requests/__init__.py,146,specific-except,except clause swallows errors (specific-except),
requests,src/requests/compat.py,43,specific-except,except clause swallows errors (specific-except),
requests,src/requests/models.py,1110,specific-except,except clause swallows errors (specific-except),
requests,src/requests/sessions.py,823,specific-except,except clause swallows errors (specific-except),
requests,src/requests/utils.py,178,specific-except,except clause swallows errors (specific-except),
requests,src/requests/utils.py,279,specific-except,except clause swallows errors (specific-except),
requests,tests/test_requests.py,2575,specific-except,except clause swallows errors (specific-except),
requests,tests/test_requests.py,2596,specific-except,except clause swallows errors (specific-except),
requests,tests/testserver/server.py,91,specific-except,except clause swallows errors (specific-except),
click,examples/aliases/aliases.py,22,specific-except,except clause swallows errors (specific-except),
click,src/click/_termui_impl.py,599,specific-except,except clause swallows errors (specific-except),
click,src/click/_termui_impl.py,615,specific-except,except clause swallows errors (specific-except),
click,src/click/_termui_impl.py,629,specific-except,except clause swallows errors (specific-except),
click,src/click/_termui_impl.py,961,specific-except,except clause swallows errors (specific-except),
click,src/click/decorators.py,226,specific-except,except clause swallows errors (specific-except),
click,src/click/termui.py,1020,specific-except,except clause swallows errors (specific-except),
click,src/click/testing.py,797,specific-except,except clause swallows errors (specific-except),
click,src/click/types.py,1378,specific-except,except clause swallows errors (specific-except),
flask,src/flask/cli.py,1036,specific-except,except clause swallows errors (specific-except),
flask,src/flask/cli.py,1098,specific-except,except clause swallows errors (specific-except),
black,action/main.py,120,specific-except,except clause swallows errors (specific-except),
black,scripts/fuzz.py,65,specific-except,except clause swallows errors (specific-except),
black,src/black/__init__.py,1213,specific-except,except clause swallows errors (specific-except),
black,src/black/cache.py,155,specific-except,except clause swallows errors (specific-except),
black,src/black/concurrency.py,123,specific-except,except clause swallows errors (specific-except),
black,src/black/concurrency.py,208,specific-except,except clause swallows errors (specific-except),
black,src/black/files.py,162,specific-except,except clause swallows errors (specific-except),
black,src/black/files.py,166,specific-except,except clause swallows errors (specific-except),
black,src/black/files.py,292,specific-except,except clause swallows errors (specific-except),
black,src/black/handle_ipynb_magics.py,166,specific-except,except clause swallows errors (specific-except),
black,src/black/parsing.py,188,specific-except,except clause swallows errors (specific-except),
black,src/blib2to3/pgen2/conv.py,243,specific-except,except clause swallows errors (specific-except),
black,src/blib2to3/pgen2/driver.py,267,specific-except,except clause swallows errors (specific-except),
black,src/blib2to3/pgen2/driver.py,281,specific-except,except clause swallows errors (specific-except),
black,tests/data/cases/context_managers_autodetect_311.py,7,specific-except,except clause swallows errors (specific-except),
black,tests/data/cases/context_managers_autodetect_311.py,28,specific-except,except clause swallows errors (specific-except),
black,tests/data/cases/pep_654.py,4,specific-except,except clause swallows errors (specific-except),
black,tests/data/cases/pep_654.py,13,specific-except,except clause swallows errors (specific-except),
black,tests/data/cases/pep_654_style.py,4,specific-except,except clause swallows errors (specific-except),
black,tests/data/cases/pep_654_style.py,13,specific-except,except clause swallows errors (specific-except),
black,tests/data/cases/pep_654_style.py,62,specific-except,except clause swallows errors (specific-except),
black,tests/data/cases/pep_654_style.py,71,specific-except,except clause swallows errors (specific-except),
black,tests/data/cases/remove_except_types_parens.py,12,specific-except,except clause swallows errors (specific-except),
black,tests/data/cases/remove_except_types_parens.py,17,specific-except,except clause swallows errors (specific-except),
black,tests/data/cases/remove_except_types_parens.py,23,specific-except,except clause swallows errors (specific-except),
black,tests/data/cases/remove_except_types_parens.py,28,specific-except,except clause swallows errors (specific-except),
black,tests/data/cases/remove_except_types_parens.py,34,specific-except,except clause swallows errors (specific-except),
black,tests/data/cases/remove_except_types_parens.py,39,specific-except,except clause swallows errors (specific-except),
black,tests/data/cases/remove_except_types_parens.py,45,specific-except,except clause swallows errors (specific-except),
black,tests/data/cases/remove_except_types_parens.py,50,specific-except,except clause swallows errors (specific-except),
black,tests/data/cases/remove_except_types_parens.py,56,specific-except,except clause swallows errors (specific-except),
black,tests/data/cases/remove_except_types_parens.py,61,specific-except,except clause swallows errors (specific-except),
black,tests/data/cases/remove_except_types_parens.py,78,specific-except,except clause swallows errors (specific-except),
black,tests/data/cases/remove_except_types_parens.py,83,specific-except,except clause swallows errors (specific-except),
black,tests/data/cases/remove_except_types_parens.py,89,specific-except,except clause swallows errors (specific-except),
black,tests/data/cases/remove_except_types_parens.py,94,specific-except,except clause swallows errors (specific-except),
black,tests/data/cases/remove_except_types_parens.py,100,specific-except,except clause swallows errors (specific-except),
black,tests/data/cases/remove_except_types_parens.py,105,specific-except,except clause swallows errors (specific-except),
black,tests/data/cases/remove_except_types_parens.py,113,specific-except,except clause swallows errors (specific-except),
black,tests/data/cases/remove_except_types_parens.py,115,specific-except,except clause swallows errors (specific-except),
black,tests/data/cases/remove_except_types_parens.py,121,specific-except,except clause swallows errors (specific-except),
black,tests/data/cases/remove_except_types_parens.py,123,specific-except,except clause swallows errors (specific-except),
black,tests/data/cases/remove_except_types_parens.py,137,specific-except,except clause swallows errors (specific-except),
black,tests/data/cases/remove_except_types_parens.py,142,specific-except,except clause swallows errors (specific-except),
black,tests/data/cases/remove_except_types_parens.py,148,specific-except,except clause swallows errors (specific-except),
black,tests/data/cases/remove_except_types_parens.py,153,specific-except,except clause swallows errors (specific-except),
black,tests/data/cases/remove_except_types_parens.py,159,specific-except,except clause swallows errors (specific-except),
black,tests/data/cases/remove_except_types_parens.py,164,specific-except,except clause swallows errors (specific-except),
black,tests/data/cases/remove_except_types_parens.py,170,specific-except,except clause swallows errors (specific-except),
black,tests/data/cases/remove_except_types_parens.py,175,specific-except,except clause swallows errors (specific-except),
black,tests/data/cases/remove_except_types_parens.py,181,specific-except,except clause swallows errors (specific-except),
black,tests/data/cases/remove_except_types_parens.py,186,specific-except,except clause swallows errors (specific-except),
black,tests/data/cases/remove_except_types_parens.py,214,specific-except,except clause swallows errors (specific-except),
black,tests/data/cases/remove_except_types_parens.py,219,specific-except,except clause swallows errors (specific-except),
black,tests/data/cases/remove_except_types_parens.py,225,specific-except,except clause swallows errors (specific-except),
black,tests/data/cases/remove_except_types_parens.py,230,specific-except,except clause swallows errors (specific-except),
black,tests/data/cases/remove_except_types_parens_pre_py314.py,12,specific-except,except clause swallows errors (specific-except),
black,tests/data/cases/remove_except_types_parens_pre_py314.py,17,specific-except,except clause swallows errors (specific-except),
black,tests/data/cases/remove_except_types_parens_pre_py314.py,23,specific-except,except clause swallows errors (specific-except),
black,tests/data/cases/remove_except_types_parens_pre_py314.py,28,specific-except,except clause swallows errors (specific-except),
black,tests/data/cases/remove_except_types_parens_pre_py314.py,34,specific-except,except clause swallows errors (specific-except),
black,tests/data/cases/remove_except_types_parens_pre_py314.py,39,specific-except,except clause swallows errors (specific-except),
black,tests/data/cases/remove_except_types_parens_pre_py314.py,45,specific-except,except clause swallows errors (specific-except),
black,tests/data/cases/remove_except_types_parens_pre_py314.py,50,specific-except,except clause swallows errors (specific-except),
black,tests/data/cases/remove_except_types_parens_pre_py314.py,56,specific-except,except clause swallows errors (specific-except),
black,tests/data/cases/remove_except_types_parens_pre_py314.py,61,specific-except,except clause swallows errors (specific-except),
black,tests/data/cases/remove_except_types_parens_pre_py314.py,67,specific-except,except clause swallows errors (specific-except),
black,tests/data/cases/remove_except_types_parens_pre_py314.py,72,specific-except,except clause swallows errors (specific-except),
black,tests/data/cases/remove_except_types_parens_pre_py314.py,78,specific-except,except clause swallows errors (specific-except),
black,tests/data/cases/remove_except_types_parens_pre_py314.py,83,specific-except,except clause swallows errors (specific-except),
black,tests/data/cases/remove_except_types_parens_pre_py314.py,89,specific-except,except clause swallows errors (specific-except),
black,tests/data/cases/remove_except_types_parens_pre_py314.py,94,specific-except,except clause swallows errors (specific-except),
black,tests/data/cases/remove_except_types_parens_pre_py314.py,101,specific-except,except clause swallows errors (specific-except),
black,tests/data/cases/remove_except_types_parens_pre_py314.py,103,specific-except,except clause swallows errors (specific-except),
black,tests/data/cases/remove_except_types_parens_pre_py314.py,109,specific-except,except clause swallows errors (specific-except),
black,tests/data/cases/remove_except_types_parens_pre_py314.py,111,specific-except,except clause swallows errors (specific-except),
black,tests/data/cases/remove_except_types_parens_pre_py314.py,125,specific-except,except clause swallows errors (specific-except),
black,tests/data/cases/remove_except_types_parens_pre_py314.py,130,specific-except,except clause swallows errors (specific-except),
black,tests/data/cases/remove_except_types_parens_pre_py314.py,136,specific-except,except clause swallows errors (specific-except),
black,tests/data/cases/remove_except_types_parens_pre_py314.py,141,specific-except,except clause swallows errors (specific-except),
black,tests/data/cases/remove_except_types_parens_pre_py314.py,147,specific-except,except clause swallows errors (specific-except),
black,tests/data/cases/remove_except_types_parens_pre_py314.py,152,specific-except,except clause swallows errors (specific-except),
black,tests/data/cases/remove_except_types_parens_pre_py314.py,158,specific-except,except clause swallows errors (specific-except),
black,tests/data/cases/remove_except_types_parens_pre_py314.py,163,specific-except,except clause swallows errors (specific-except),
black,tests/data/cases/remove_except_types_parens_pre_py314.py,169,specific-except,except clause swallows errors (specific-except),
black,tests/data/cases/remove_except_types_parens_pre_py314.py,174,specific-except,except clause swallows errors (specific-except),
black,tests/data/cases/remove_except_types_parens_pre_py314.py,180,specific-except,except clause swallows errors (specific-except),
black,tests/data/cases/remove_except_types_parens_pre_py314.py,185,specific-except,except clause swallows errors (specific-except),
black,tests/data/cases/remove_except_types_parens_pre_py314.py,191,specific-except,except clause swallows errors (specific-except),
black,tests/data/cases/remove_except_types_parens_pre_py314.py,196,specific-except,except clause swallows errors (specific-except),
black,tests/data/cases/remove_except_types_parens_pre_py314.py,202,specific-except,except clause swallows errors (specific-except),
black,tests/data/cases/remove_except_types_parens_pre_py314.py,207,specific-except,except clause swallows errors (specific-except),
black,tests/data/cases/remove_except_types_parens_pre_py314.py,214,specific-except,except clause swallows errors (specific-except),
black,tests/data/cases/remove_except_types_parens_pre_py314.py,216,specific-except,except clause swallows errors (specific-except),
black,tests/data/cases/remove_except_types_parens_pre_py314.py,222,specific-except,except clause swallows errors (specific-except),
black,tests/data/cases/remove_except_types_parens_pre_py314.py,224,specific-except,except clause swallows errors (specific-except),
black,tests/data/cases/tuple_with_stmt.py,25,specific-except,except clause swallows errors (specific-except),
black,tests/data/miscellaneous/python2_detection.py,53,specific-except,except clause swallows errors (specific-except),
black,tests/data/miscellaneous/python2_detection.py,60,broad-except,except clause swallows errors (broad-except),
fastapi,fastapi/routing.py,601,specific-except,except clause swallows errors (specific-except),
fastapi,fastapi/routing.py,1815,specific-except,except clause swallows errors (specific-except),
fastapi,fastapi/routing.py,2029,specific-except,except clause swallows errors (specific-except),
pytest,src/_pytest/_code/code.py,1583,specific-except,except clause swallows errors (specific-except),
pytest,src/_pytest/_code/source.py,156,specific-except,except clause swallows errors (specific-except),
pytest,src/_pytest/_code/source.py,197,specific-except,except clause swallows errors (specific-except),
pytest,src/_pytest/_io/terminalwriter.py,81,specific-except,except clause swallows errors (specific-except),
pytest,src/_pytest/_py/path.py,83,specific-except,except clause swallows errors (specific-except),
pytest,src/_pytest/_py/path.py,665,specific-except,except clause swallows errors (specific-except),
pytest,src/_pytest/_py/path.py,1213,specific-except,except clause swallows errors (specific-except),
pytest,src/_pytest/_py/path.py,1235,specific-except,except clause swallows errors (specific-except),
pytest,src/_pytest/_py/path.py,1295,specific-except,except clause swallows errors (specific-except),
pytest,src/_pytest/_py/path.py,1326,specific-except,except clause swallows errors (specific-except),
pytest,src/_pytest/_py/path.py,1365,specific-except,except clause swallows errors (specific-except),
pytest,src/_pytest/_py/path.py,1427,specific-except,except clause swallows errors (specific-except),
pytest,src/_pytest/_py/path.py,1431,specific-except,except clause swallows errors (specific-except),
pytest,src/_pytest/approx.py,316,specific-except,except clause swallows errors (specific-except),
pytest,src/_pytest/approx.py,396,specific-except,except clause swallows errors (specific-except),
pytest,src/_pytest/capture.py,79,specific-except,except clause swallows errors (specific-except),
pytest,src/_pytest/capture.py,96,specific-except,except clause swallows errors (specific-except),
pytest,src/_pytest/compat.py,82,specific-except,except clause swallows errors (specific-except),
pytest,src/_pytest/config/__init__.py,782,specific-except,except clause swallows errors (specific-except),
pytest,src/_pytest/config/__init__.py,1845,specific-except,except clause swallows errors (specific-except),
pytest,src/_pytest/config/__init__.py,1912,specific-except,except clause swallows errors (specific-except),
pytest,src/_pytest/fixtures.py,1076,specific-except,except clause swallows errors (specific-except),
pytest,src/_pytest/legacypath.py,452,specific-except,except clause swallows errors (specific-except),
pytest,src/_pytest/logging.py,192,specific-except,except clause swallows errors (specific-except),
pytest,src/_pytest/monkeypatch.py,75,specific-except,except clause swallows errors (specific-except),
pytest,src/_pytest/nodes.py,601,specific-except,except clause swallows errors (specific-except),
pytest,src/_pytest/pathlib.py,260,specific-except,except clause swallows errors (specific-except),
pytest,src/_pytest/pathlib.py,317,specific-except,except clause swallows errors (specific-except),
pytest,src/_pytest/pathlib.py,347,specific-except,except clause swallows errors (specific-except),
pytest,src/_pytest/pathlib.py,599,specific-except,except clause swallows errors (specific-except),
pytest,src/_pytest/pytester.py,1198,specific-except,except clause swallows errors (specific-except),
pytest,src/_pytest/runner.py,181,specific-except,except clause swallows errors (specific-except),
pytest,src/_pytest/terminal.py,1576,specific-except,except clause swallows errors (specific-except),
pytest,src/_pytest/unittest.py,303,specific-except,except clause swallows errors (specific-except),
pytest,src/_pytest/unittest.py,513,specific-except,except clause swallows errors (specific-except),
pytest,testing/code/test_excinfo.py,139,specific-except,except clause swallows errors (specific-except),
pytest,testing/io/test_saferepr.py,79,specific-except,except clause swallows errors (specific-except),
pytest,testing/python/fixtures.py,780,specific-except,except clause swallows errors (specific-except),
pytest,testing/python/raises.py,69,broad-except,except clause swallows errors (broad-except),
pytest,testing/test_assertrewrite_coverage.py,116,specific-except,except clause swallows errors (specific-except),
pytest,testing/test_runner.py,472,broad-except,except clause swallows errors (broad-except),
pytest,testing/test_runner.py,493,specific-except,except clause swallows errors (specific-except),
pytest,testing/test_runner.py,521,specific-except,except clause swallows errors (specific-except),
pytest,testing/test_runner.py,1040,specific-except,except clause swallows errors (specific-except),
poetry,src/poetry/packages/locker.py,111,specific-except,except clause swallows errors (specific-except),
poetry,src/poetry/packages/locker.py,254,specific-except,except clause swallows errors (specific-except),
poetry,src/poetry/utils/env/env_manager.py,323,specific-except,except clause swallows errors (specific-except),
poetry,src/poetry/utils/env/site_packages.py,37,specific-except,except clause swallows errors (specific-except),
httpx,httpx/_main.py,111,specific-except,except clause swallows errors (specific-except),
httpx,httpx/_multipart.py,211,specific-except,except clause swallows errors (specific-except),
httpx,httpx/_transports/asgi.py,38,specific-except,except clause swallows errors (specific-except),
aiohttp,aiohttp/_cookie_helpers.py,224,specific-except,except clause swallows errors (specific-except),
aiohttp,aiohttp/base_protocol.py,75,specific-except,except clause swallows errors (specific-except),
aiohttp,aiohttp/base_protocol.py,100,specific-except,except clause swallows errors (specific-except),
aiohttp,aiohttp/helpers.py,1000,specific-except,except clause swallows errors (specific-except),
aiohttp,aiohttp/http_writer.py,396,specific-except,except clause swallows errors (specific-except),
aiohttp,aiohttp/web.py,487,specific-except,except clause swallows errors (specific-except),
aiohttp,aiohttp/web_exceptions.py,506,specific-except,except clause swallows errors (specific-except),
aiohttp,aiohttp/web_protocol.py,280,specific-except,except clause swallows errors (specific-except),
aiohttp,aiohttp/web_protocol.py,539,specific-except,except clause swallows errors (specific-except),
aiohttp,aiohttp/web_protocol.py,560,specific-except,except clause swallows errors (specific-except),
aiohttp,aiohttp/web_runner.py,341,specific-except,except clause swallows errors (specific-except),
aiohttp,aiohttp/web_runner.py,374,specific-except,except clause swallows errors (specific-except),
aiohttp,aiohttp/worker.py,137,broad-except,except clause swallows errors (broad-except),
aiohttp,docs/conf.py,72,specific-except,except clause swallows errors (specific-except),
aiohttp,examples/lowlevel_srv.py,24,specific-except,except clause swallows errors (specific-except),
aiohttp,tests/test_client_session.py,1404,broad-except,except clause swallows errors (broad-except),
aiohttp,tests/test_worker.py,68,specific-except,except clause swallows errors (specific-except),
records,setup.py,37,specific-except,except clause swallows errors (specific-except),
