repo,sha,date,file,loc,warns_dup,warns_em,churn_14d
records,b0047c6daf50c1cb9617c12544e84ca9dfc0020d,2016-02-06T23:34:31-05:00,tests/test_records.py,0,0,0,59
records,b0047c6daf50c1cb9617c12544e84ca9dfc0020d,2016-02-06T23:34:31-05:00,records.py,0,0,0,958
records,b0047c6daf50c1cb9617c12544e84ca9dfc0020d,2016-02-06T23:34:31-05:00,proto.py => records.py,0,0,0,0
records,b0047c6daf50c1cb9617c12544e84ca9dfc0020d,2016-02-06T23:34:31-05:00,tests/__init__.py,0,0,0,0
records,b0047c6daf50c1cb9617c12544e84ca9dfc0020d,2016-02-06T23:34:31-05:00,proto.py,119,0,0,79
records,b0047c6daf50c1cb9617c12544e84ca9dfc0020d,2016-02-06T23:34:31-05:00,setup.py,0,0,0,92
records,5bbac8f17c52ff4df83373d8aea4847d0016ff3c,2016-02-06T23:50:34-05:00,tests/test_records.py,0,0,0,59
records,5bbac8f17c52ff4df83373d8aea4847d0016ff3c,2016-02-06T23:50:34-05:00,records.py,0,0,0,958
records,5bbac8f17c52ff4df83373d8aea4847d0016ff3c,2016-02-06T23:50:34-05:00,proto.py => records.py,0,0,0,0
records,5bbac8f17c52ff4df83373d8aea4847d0016ff3c,2016-02-06T23:50:34-05:00,tests/__init__.py,0,0,0,0
records,5bbac8f17c52ff4df83373d8aea4847d0016ff3c,2016-02-06T23:50:34-05:00,proto.py,127,0,0,68
records,5bbac8f17c52ff4df83373d8aea4847d0016ff3c,2016-02-06T23:50:34-05:00,setup.py,0,0,0,92
records,f67f43d545c66f99c6dd0f3fa67485bf7d68fe38,2016-02-07T00:30:56-05:00,tests/test_records.py,0,0,0,59
records,f67f43d545c66f99c6dd0f3fa67485bf7d68fe38,2016-02-07T00:30:56-05:00,records.py,0,0,0,958
records,f67f43d545c66f99c6dd0f3fa67485bf7d68fe38,2016-02-07T00:30:56-05:00,proto.py => records.py,0,0,0,0
records,f67f43d545c66f99c6dd0f3fa67485bf7d68fe38,2016-02-07T00:30:56-05:00,tests/__init__.py,0,0,0,0
records,f67f43d545c66f99c6dd0f3fa67485bf7d68fe38,2016-02-07T00:30:56-05:00,proto.py,133,0,0,44
records,f67f43d545c66f99c6dd0f3fa67485bf7d68fe38,2016-02-07T00:30:56-05:00,setup.py,0,0,0,92
records,5b75832218b73d632b2b5fa67632d35baffe7873,2016-02-07T00:57:41-05:00,tests/test_records.py,0,0,0,59
records,5b75832218b73d632b2b5fa67632d35baffe7873,2016-02-07T00:57:41-05:00,records.py,0,0,0,958
records,5b75832218b73d632b2b5fa67632d35baffe7873,2016-02-07T00:57:41-05:00,proto.py => records.py,0,0,0,0
records,5b75832218b73d632b2b5fa67632d35baffe7873,2016-02-07T00:57:41-05:00,tests/__init__.py,0,0,0,0
records,5b75832218b73d632b2b5fa67632d35baffe7873,2016-02-07T00:57:41-05:00,proto.py,133,0,0,44
records,5b75832218b73d632b2b5fa67632d35baffe7873,2016-02-07T00:57:41-05:00,setup.py,0,0,0,92
records,6c2c886de14add1ae3a90c7de48196678aed18be,2016-02-07T01:14:01-05:00,tests/test_records.py,0,0,0,59
records,6c2c886de14add1ae3a90c7de48196678aed18be,2016-02-07T01:14:01-05:00,records.py,0,0,0,958
records,6c2c886de14add1ae3a90c7de48196678aed18be,2016-02-07T01:14:01-05:00,proto.py => records.py,0,0,0,0
records,6c2c886de14add1ae3a90c7de48196678aed18be,2016-02-07T01:14:01-05:00,tests/__init__.py,0,0,0,0
records,6c2c886de14add1ae3a90c7de48196678aed18be,2016-02-07T01:14:01-05:00,proto.py,133,0,0,44
records,6c2c886de14add1ae3a90c7de48196678aed18be,2016-02-07T01:14:01-05:00,setup.py,0,0,0,92
records,9f0765b3f61ace0e2c54ac781163a8113e340428,2016-02-07T01:14:40-05:00,tests/test_records.py,0,0,0,59
records,9f0765b3f61ace0e2c54ac781163a8113e340428,2016-02-07T01:14:40-05:00,records.py,0,0,0,958
records,9f0765b3f61ace0e2c54ac781163a8113e340428,2016-02-07T01:14:40-05:00,proto.py => records.py,0,0,0,0
records,9f0765b3f61ace0e2c54ac781163a8113e340428,2016-02-07T01:14:40-05:00,tests/__init__.py,0,0,0,0
records,9f0765b3f61ace0e2c54ac781163a8113e340428,2016-02-07T01:14:40-05:00,proto.py,133,0,0,44
records,9f0765b3f61ace0e2c54ac781163a8113e340428,2016-02-07T01:14:40-05:00,setup.py,0,0,0,92
records,f582f86800b3fb10d9767bb2cfb153d8b1aa656c,2016-02-07T01:24:36-05:00,tests/test_records.py,0,0,0,59
records,f582f86800b3fb10d9767bb2cfb153d8b1aa656c,2016-02-07T01:24:36-05:00,records.py,0,0,0,958
records,f582f86800b3fb10d9767bb2cfb153d8b1aa656c,2016-02-07T01:24:36-05:00,proto.py => records.py,0,0,0,0
records,f582f86800b3fb10d9767bb2cfb153d8b1aa656c,2016-02-07T01:24:36-05:00,tests/__init__.py,0,0,0,0
records,f582f86800b3fb10d9767bb2cfb153d8b1aa656c,2016-02-07T01:24:36-05:00,proto.py,133,0,0,44
records,f582f86800b3fb10d9767bb2cfb153d8b1aa656c,2016-02-07T01:24:36-05:00,setup.py,0,0,0,92
records,9885b204a9f6b85e5d312adfe3aa0f7ca17faa88,2016-02-07T01:31:34-05:00,tests/test_records.py,0,0,0,59
records,9885b204a9f6b85e5d312adfe3aa0f7ca17faa88,2016-02-07T01:31:34-05:00,records.py,0,0,0,958
records,9885b204a9f6b85e5d312adfe3aa0f7ca17faa88,2016-02-07T01:31:34-05:00,proto.py => records.py,0,0,0,0
records,9885b204a9f6b85e5d312adfe3aa0f7ca17faa88,2016-02-07T01:31:34-05:00,tests/__init__.py,0,0,0,0
records,9885b204a9f6b85e5d312adfe3aa0f7ca17faa88,2016-02-07T01:31:34-05:00,proto.py,133,0,0,44
records,9885b204a9f6b85e5d312adfe3aa0f7ca17faa88,2016-02-07T01:31:34-05:00,setup.py,0,0,0,92
records,fab4c6039a8be9f8d6509585cb25101e275bd863,2016-02-07T01:34:28-05:00,tests/test_records.py,0,0,0,59
records,fab4c6039a8be9f8d6509585cb25101e275bd863,2016-02-07T01:34:28-05:00,records.py,0,0,0,958
records,fab4c6039a8be9f8d6509585cb25101e275bd863,2016-02-07T01:34:28-05:00,proto.py => records.py,0,0,0,0
records,fab4c6039a8be9f8d6509585cb25101e275bd863,2016-02-07T01:34:28-05:00,tests/__init__.py,0,0,0,0
records,fab4c6039a8be9f8d6509585cb25101e275bd863,2016-02-07T01:34:28-05:00,proto.py,133,0,0,44
records,fab4c6039a8be9f8d6509585cb25101e275bd863,2016-02-07T01:34:28-05:00,setup.py,0,0,0,92
records,49c74697f8dd93a8e5ed1862da438d98e97b660f,2016-02-07T01:35:15-05:00,tests/test_records.py,0,0,0,59
records,49c74697f8dd93a8e5ed1862da438d98e97b660f,2016-02-07T01:35:15-05:00,records.py,0,0,0,958
records,49c74697f8dd93a8e5ed1862da438d98e97b660f,2016-02-07T01:35:15-05:00,proto.py => records.py,0,0,0,0
records,49c74697f8dd93a8e5ed1862da438d98e97b660f,2016-02-07T01:35:15-05:00,tests/__init__.py,0,0,0,0
records,49c74697f8dd93a8e5ed1862da438d98e97b660f,2016-02-07T01:35:15-05:00,proto.py,133,0,0,44
records,49c74697f8dd93a8e5ed1862da438d98e97b660f,2016-02-07T01:35:15-05:00,setup.py,0,0,0,92
records,1b446528ab77c06ef2244c021aab9abbd9c9840d,2016-02-07T01:46:43-05:00,tests/test_records.py,0,0,0,59
records,1b446528ab77c06ef2244c021aab9abbd9c9840d,2016-02-07T01:46:43-05:00,records.py,0,0,0,958
records,1b446528ab77c06ef2244c021aab9abbd9c9840d,2016-02-07T01:46:43-05:00,proto.py => records.py,0,0,0,0
records,1b446528ab77c06ef2244c021aab9abbd9c9840d,2016-02-07T01:46:43-05:00,tests/__init__.py,0,0,0,0
records,1b446528ab77c06ef2244c021aab9abbd9c9840d,2016-02-07T01:46:43-05:00,proto.py,133,0,0,44
records,1b446528ab77c06ef2244c021aab9abbd9c9840d,2016-02-07T01:46:43-05:00,setup.py,0,0,0,92
records,e59df0381380326086393dca9540976426a899c2,2016-02-07T01:58:23-05:00,tests/test_records.py,0,0,0,59
records,e59df0381380326086393dca9540976426a899c2,2016-02-07T01:58:23-05:00,records.py,0,0,0,958
records,e59df0381380326086393dca9540976426a899c2,2016-02-07T01:58:23-05:00,proto.py => records.py,0,0,0,0
records,e59df0381380326086393dca9540976426a899c2,2016-02-07T01:58:23-05:00,tests/__init__.py,0,0,0,0
records,e59df0381380326086393dca9540976426a899c2,2016-02-07T01:58:23-05:00,proto.py,137,0,0,24
records,e59df0381380326086393dca9540976426a899c2,2016-02-07T01:58:23-05:00,setup.py,0,0,0,92
records,ddd73e82fe5a53f0fdd1f7e5415680c9cf023bae,2016-02-07T02:15:26-05:00,tests/test_records.py,0,0,0,59
records,ddd73e82fe5a53f0fdd1f7e5415680c9cf023bae,2016-02-07T02:15:26-05:00,records.py,137,0,0,958
records,ddd73e82fe5a53f0fdd1f7e5415680c9cf023bae,2016-02-07T02:15:26-05:00,setup.py,0,0,0,92
records,ddd73e82fe5a53f0fdd1f7e5415680c9cf023bae,2016-02-07T02:15:26-05:00,tests/__init__.py,0,0,0,0
records,b4b630f40d478f208d46d6410aceaa4f854c1a4d,2016-02-07T02:16:04-05:00,tests/test_records.py,0,0,0,59
records,b4b630f40d478f208d46d6410aceaa4f854c1a4d,2016-02-07T02:16:04-05:00,records.py,137,0,0,958
records,b4b630f40d478f208d46d6410aceaa4f854c1a4d,2016-02-07T02:16:04-05:00,setup.py,54,0,0,92
records,b4b630f40d478f208d46d6410aceaa4f854c1a4d,2016-02-07T02:16:04-05:00,tests/__init__.py,0,0,0,0
records,51aa01b44c9ce1e37c498c583097143b6fc5d478,2016-02-07T03:42:49-05:00,tests/test_records.py,0,0,0,59
records,51aa01b44c9ce1e37c498c583097143b6fc5d478,2016-02-07T03:42:49-05:00,records.py,137,0,0,958
records,51aa01b44c9ce1e37c498c583097143b6fc5d478,2016-02-07T03:42:49-05:00,setup.py,54,0,0,34
records,51aa01b44c9ce1e37c498c583097143b6fc5d478,2016-02-07T03:42:49-05:00,tests/__init__.py,0,0,0,0
records,eb8e133fb410e26df439e2da3ac48941dbeb5df4,2016-02-07T05:09:31-05:00,tests/test_records.py,0,0,0,59
records,eb8e133fb410e26df439e2da3ac48941dbeb5df4,2016-02-07T05:09:31-05:00,records.py,137,0,0,958
records,eb8e133fb410e26df439e2da3ac48941dbeb5df4,2016-02-07T05:09:31-05:00,setup.py,54,0,0,34
records,eb8e133fb410e26df439e2da3ac48941dbeb5df4,2016-02-07T05:09:31-05:00,tests/__init__.py,0,0,0,0
records,90af3d59b2049e8def879391a701b5efacf982a5,2016-02-07T10:46:45-05:00,tests/test_records.py,0,0,0,59
records,90af3d59b2049e8def879391a701b5efacf982a5,2016-02-07T10:46:45-05:00,records.py,137,0,0,958
records,90af3d59b2049e8def879391a701b5efacf982a5,2016-02-07T10:46:45-05:00,setup.py,54,0,0,32
records,90af3d59b2049e8def879391a701b5efacf982a5,2016-02-07T10:46:45-05:00,tests/__init__.py,0,0,0,0
records,3d8552458fcf79b26ec822c20734ac0116ad6194,2016-02-07T11:27:55-05:00,tests/test_records.py,0,0,0,59
records,3d8552458fcf79b26ec822c20734ac0116ad6194,2016-02-07T11:27:55-05:00,records.py,137,0,0,958
records,3d8552458fcf79b26ec822c20734ac0116ad6194,2016-02-07T11:27:55-05:00,setup.py,54,0,0,32
records,3d8552458fcf79b26ec822c20734ac0116ad6194,2016-02-07T11:27:55-05:00,tests/__init__.py,0,0,0,0
records,04765abcfb778aae3f9a925f995637d6435cbba5,2016-02-07T11:40:36-05:00,tests/test_records.py,0,0,0,59
records,04765abcfb778aae3f9a925f995637d6435cbba5,2016-02-07T11:40:36-05:00,records.py,137,0,0,958
records,04765abcfb778aae3f9a925f995637d6435cbba5,2016-02-07T11:40:36-05:00,setup.py,54,0,0,32
records,04765abcfb778aae3f9a925f995637d6435cbba5,2016-02-07T11:40:36-05:00,tests/__init__.py,0,0,0,0
records,000fd648162adc1e27976eac975cd6650eeb3115,2016-02-07T11:41:53-05:00,tests/test_records.py,0,0,0,59
records,000fd648162adc1e27976eac975cd6650eeb3115,2016-02-07T11:41:53-05:00,records.py,137,0,0,958
records,000fd648162adc1e27976eac975cd6650eeb3115,2016-02-07T11:41:53-05:00,setup.py,54,0,0,32
records,000fd648162adc1e27976eac975cd6650eeb3115,2016-02-07T11:41:53-05:00,tests/__init__.py,0,0,0,0
records,c17967bc57ade38087d6f093d90e7aba1943236e,2016-02-08T07:28:39+11:00,tests/test_records.py,0,0,0,59
records,c17967bc57ade38087d6f093d90e7aba1943236e,2016-02-08T07:28:39+11:00,records.py,137,0,0,924
records,c17967bc57ade38087d6f093d90e7aba1943236e,2016-02-08T07:28:39+11:00,setup.py,54,0,0,30
records,c17967bc57ade38087d6f093d90e7aba1943236e,2016-02-08T07:28:39+11:00,tests/__init__.py,0,0,0,0
records,e81befab6b6fc095c5704cca36f7e44f14d50f52,2016-02-07T15:53:41-05:00,tests/test_records.py,0,0,0,59
records,e81befab6b6fc095c5704cca36f7e44f14d50f52,2016-02-07T15:53:41-05:00,records.py,137,0,0,924
records,e81befab6b6fc095c5704cca36f7e44f14d50f52,2016-02-07T15:53:41-05:00,setup.py,54,0,0,30
records,e81befab6b6fc095c5704cca36f7e44f14d50f52,2016-02-07T15:53:41-05:00,tests/__init__.py,0,0,0,0
records,2f030033a2da3bea7a07d84037fb9d007f6950fb,2016-02-07T17:11:58-05:00,tests/test_records.py,0,0,0,59
records,2f030033a2da3bea7a07d84037fb9d007f6950fb,2016-02-07T17:11:58-05:00,records.py,137,0,0,924
records,2f030033a2da3bea7a07d84037fb9d007f6950fb,2016-02-07T17:11:58-05:00,setup.py,54,0,0,30
records,2f030033a2da3bea7a07d84037fb9d007f6950fb,2016-02-07T17:11:58-05:00,tests/__init__.py,0,0,0,0
records,1e935e19a313ccc63f6f8e2855b2946eb9ba938d,2016-02-08T13:02:34-05:00,tests/test_records.py,0,0,0,59
records,1e935e19a313ccc63f6f8e2855b2946eb9ba938d,2016-02-08T13:02:34-05:00,records.py,146,0,0,915
records,1e935e19a313ccc63f6f8e2855b2946eb9ba938d,2016-02-08T13:02:34-05:00,setup.py,52,0,0,22
records,1e935e19a313ccc63f6f8e2855b2946eb9ba938d,2016-02-08T13:02:34-05:00,tests/__init__.py,0,0,0,0
records,bbf02e1795ace84702bbc636536f8d35b493ad67,2016-02-09T04:30:58-05:00,tests/test_records.py,0,0,0,59
records,bbf02e1795ace84702bbc636536f8d35b493ad67,2016-02-09T04:30:58-05:00,records.py,175,0,0,794
records,bbf02e1795ace84702bbc636536f8d35b493ad67,2016-02-09T04:30:58-05:00,setup.py,52,0,0,22
records,bbf02e1795ace84702bbc636536f8d35b493ad67,2016-02-09T04:30:58-05:00,tests/__init__.py,0,0,0,0
records,64fb0191ada259fe49322118132451fb4bc4d3f2,2016-02-09T10:54:56+01:00,tests/test_records.py,0,0,0,59
records,64fb0191ada259fe49322118132451fb4bc4d3f2,2016-02-09T10:54:56+01:00,records.py,175,0,0,794
records,64fb0191ada259fe49322118132451fb4bc4d3f2,2016-02-09T10:54:56+01:00,setup.py,52,0,0,22
records,64fb0191ada259fe49322118132451fb4bc4d3f2,2016-02-09T10:54:56+01:00,tests/__init__.py,0,0,0,0
records,2d820cb7ce6bf70354d080f649ed238b232ba500,2016-02-09T21:32:47+00:00,tests/test_records.py,0,0,0,59
records,2d820cb7ce6bf70354d080f649ed238b232ba500,2016-02-09T21:32:47+00:00,records.py,284,0,0,581
records,2d820cb7ce6bf70354d080f649ed238b232ba500,2016-02-09T21:32:47+00:00,setup.py,52,0,0,22
records,2d820cb7ce6bf70354d080f649ed238b232ba500,2016-02-09T21:32:47+00:00,tests/__init__.py,0,0,0,0
records,0779e6bf4ec481d21348b40dc2e4b1e2c8732285,2016-02-09T21:35:50+00:00,tests/test_records.py,0,0,0,59
records,0779e6bf4ec481d21348b40dc2e4b1e2c8732285,2016-02-09T21:35:50+00:00,records.py,284,0,0,573
records,0779e6bf4ec481d21348b40dc2e4b1e2c8732285,2016-02-09T21:35:50+00:00,setup.py,52,0,0,22
records,0779e6bf4ec481d21348b40dc2e4b1e2c8732285,2016-02-09T21:35:50+00:00,tests/__init__.py,0,0,0,0
records,b138bf60a515284959430d2178c342f7c11bbf76,2016-02-10T13:22:34-05:00,tests/test_records.py,0,0,0,73
records,b138bf60a515284959430d2178c342f7c11bbf76,2016-02-10T13:22:34-05:00,records.py,272,0,0,580
records,b138bf60a515284959430d2178c342f7c11bbf76,2016-02-10T13:22:34-05:00,setup.py,52,0,0,22
records,b138bf60a515284959430d2178c342f7c11bbf76,2016-02-10T13:22:34-05:00,tests/__init__.py,0,0,0,0
records,f1796e1ac5e56cd1cd5ffbc21bdc1b1d3f85540a,2016-02-10T13:42:48-05:00,tests/test_records.py,0,0,0,73
records,f1796e1ac5e56cd1cd5ffbc21bdc1b1d3f85540a,2016-02-10T13:42:48-05:00,records.py,269,0,0,580
records,f1796e1ac5e56cd1cd5ffbc21bdc1b1d3f85540a,2016-02-10T13:42:48-05:00,setup.py,52,0,0,22
records,f1796e1ac5e56cd1cd5ffbc21bdc1b1d3f85540a,2016-02-10T13:42:48-05:00,tests/__init__.py,0,0,0,0
records,0c6181f590e51aab59d814bdb4088c4a6f18f479,2016-02-10T20:37:30-05:00,tests/test_records.py,0,0,0,73
records,0c6181f590e51aab59d814bdb4088c4a6f18f479,2016-02-10T20:37:30-05:00,records.py,254,0,0,561
records,0c6181f590e51aab59d814bdb4088c4a6f18f479,2016-02-10T20:37:30-05:00,setup.py,52,0,0,22
records,0c6181f590e51aab59d814bdb4088c4a6f18f479,2016-02-10T20:37:30-05:00,tests/__init__.py,0,0,0,0
records,1e9df0f67d37aeaf7865827e96cd71e4c518b9d2,2016-02-10T20:53:29-05:00,tests/test_records.py,0,0,0,73
records,1e9df0f67d37aeaf7865827e96cd71e4c518b9d2,2016-02-10T20:53:29-05:00,records.py,245,0,0,517
records,1e9df0f67d37aeaf7865827e96cd71e4c518b9d2,2016-02-10T20:53:29-05:00,setup.py,52,0,0,22
records,1e9df0f67d37aeaf7865827e96cd71e4c518b9d2,2016-02-10T20:53:29-05:00,tests/__init__.py,0,0,0,0
records,f26ded6afb4b3aeed37cbc5aae4fe01ed62555d8,2016-02-10T20:58:18-05:00,tests/test_records.py,0,0,0,73
records,f26ded6afb4b3aeed37cbc5aae4fe01ed62555d8,2016-02-10T20:58:18-05:00,records.py,254,0,0,504
records,f26ded6afb4b3aeed37cbc5aae4fe01ed62555d8,2016-02-10T20:58:18-05:00,setup.py,52,0,0,22
records,f26ded6afb4b3aeed37cbc5aae4fe01ed62555d8,2016-02-10T20:58:18-05:00,tests/__init__.py,0,0,0,0
records,0aa377ce315774f62f15f5d52f74e9dc91aa525d,2016-02-10T21:00:06-05:00,tests/test_records.py,0,0,0,73
records,0aa377ce315774f62f15f5d52f74e9dc91aa525d,2016-02-10T21:00:06-05:00,records.py,259,0,0,504
records,0aa377ce315774f62f15f5d52f74e9dc91aa525d,2016-02-10T21:00:06-05:00,setup.py,52,0,0,22
records,0aa377ce315774f62f15f5d52f74e9dc91aa525d,2016-02-10T21:00:06-05:00,tests/__init__.py,0,0,0,0
records,794806acd5a694995ba35c11f623233b255b1296,2016-02-10T23:19:54-05:00,tests/test_records.py,0,0,0,73
records,794806acd5a694995ba35c11f623233b255b1296,2016-02-10T23:19:54-05:00,records.py,259,0,0,483
records,794806acd5a694995ba35c11f623233b255b1296,2016-02-10T23:19:54-05:00,setup.py,52,0,0,20
records,794806acd5a694995ba35c11f623233b255b1296,2016-02-10T23:19:54-05:00,tests/__init__.py,0,0,0,0
records,93620c3ac4ee992a86d2bd6a82c9bf94daa6ce4a,2016-02-11T17:56:55+00:00,tests/test_records.py,0,0,0,26
records,93620c3ac4ee992a86d2bd6a82c9bf94daa6ce4a,2016-02-11T17:56:55+00:00,records.py,264,0,0,420
records,93620c3ac4ee992a86d2bd6a82c9bf94daa6ce4a,2016-02-11T17:56:55+00:00,setup.py,52,0,0,20
records,d98b3fff7d0b4e9a6af5cc7a65c547de85516d14,2016-02-11T19:23:29-05:00,tests/test_records.py,47,0,0,26
records,d98b3fff7d0b4e9a6af5cc7a65c547de85516d14,2016-02-11T19:23:29-05:00,records.py,331,0,0,372
records,d98b3fff7d0b4e9a6af5cc7a65c547de85516d14,2016-02-11T19:23:29-05:00,setup.py,54,0,0,20
records,1b48374a95af387e51b49872072b9133622ee5ae,2016-02-11T19:49:10-05:00,tests/test_records.py,47,0,0,26
records,1b48374a95af387e51b49872072b9133622ee5ae,2016-02-11T19:49:10-05:00,records.py,344,0,0,347
records,1b48374a95af387e51b49872072b9133622ee5ae,2016-02-11T19:49:10-05:00,setup.py,54,0,0,10
records,726e958bb3c55e94b893640738934f480aa78d21,2016-02-11T19:51:02-05:00,tests/test_records.py,47,0,0,26
records,726e958bb3c55e94b893640738934f480aa78d21,2016-02-11T19:51:02-05:00,records.py,344,0,0,320
records,726e958bb3c55e94b893640738934f480aa78d21,2016-02-11T19:51:02-05:00,setup.py,54,0,0,10
records,47b776c36d4d6f4ad259941f6f344c2adf9034f7,2016-02-11T19:55:15-05:00,tests/test_records.py,47,0,0,26
records,47b776c36d4d6f4ad259941f6f344c2adf9034f7,2016-02-11T19:55:15-05:00,records.py,344,0,0,320
records,47b776c36d4d6f4ad259941f6f344c2adf9034f7,2016-02-11T19:55:15-05:00,setup.py,54,0,0,10
records,1a7343146beadc2bc54374fa3bc9a16010e05476,2016-02-11T19:56:52-05:00,tests/test_records.py,47,0,0,26
records,1a7343146beadc2bc54374fa3bc9a16010e05476,2016-02-11T19:56:52-05:00,records.py,344,0,0,320
records,1a7343146beadc2bc54374fa3bc9a16010e05476,2016-02-11T19:56:52-05:00,setup.py,54,0,0,10
records,a50f2a1607d925b127fdd882f1aee803858d34f2,2016-02-11T19:59:00-05:00,tests/test_records.py,47,0,0,26
records,a50f2a1607d925b127fdd882f1aee803858d34f2,2016-02-11T19:59:00-05:00,records.py,344,0,0,320
records,a50f2a1607d925b127fdd882f1aee803858d34f2,2016-02-11T19:59:00-05:00,setup.py,54,0,0,10
records,29301ada615a0331fbcc1e1f5916bd0bd3c45d1c,2016-02-12T22:30:47-05:00,tests/test_records.py,47,0,0,26
records,29301ada615a0331fbcc1e1f5916bd0bd3c45d1c,2016-02-12T22:30:47-05:00,records.py,345,0,0,290
records,29301ada615a0331fbcc1e1f5916bd0bd3c45d1c,2016-02-12T22:30:47-05:00,setup.py,54,0,0,10
records,f3c08b4e3910fbb9e7c47cc1f6ffe5a22c6d911b,2016-02-13T01:40:04-05:00,tests/test_records.py,47,0,0,26
records,f3c08b4e3910fbb9e7c47cc1f6ffe5a22c6d911b,2016-02-13T01:40:04-05:00,records.py,359,0,0,97
records,f3c08b4e3910fbb9e7c47cc1f6ffe5a22c6d911b,2016-02-13T01:40:04-05:00,setup.py,54,0,0,10
records,6e72ddfc4254e99e9179040561854dd5dc17e6b2,2016-02-13T02:11:50-05:00,tests/test_records.py,47,0,0,14
records,6e72ddfc4254e99e9179040561854dd5dc17e6b2,2016-02-13T02:11:50-05:00,records.py,360,0,0,32
records,6e72ddfc4254e99e9179040561854dd5dc17e6b2,2016-02-13T02:11:50-05:00,setup.py,54,0,0,6
records,270ba03c7752e9a9b355bd5e4ebf7d464fd30da5,2016-02-13T02:14:46-05:00,tests/test_records.py,47,0,0,14
records,270ba03c7752e9a9b355bd5e4ebf7d464fd30da5,2016-02-13T02:14:46-05:00,records.py,360,0,0,32
records,270ba03c7752e9a9b355bd5e4ebf7d464fd30da5,2016-02-13T02:14:46-05:00,setup.py,54,0,0,6
records,98f8b8a6390a56a9a2a3bd61c061a6be3f820d6c,2016-02-13T02:18:45-05:00,tests/test_records.py,47,0,0,14
records,98f8b8a6390a56a9a2a3bd61c061a6be3f820d6c,2016-02-13T02:18:45-05:00,records.py,360,0,0,32
records,98f8b8a6390a56a9a2a3bd61c061a6be3f820d6c,2016-02-13T02:18:45-05:00,setup.py,54,0,0,6
records,ad076f9ec8754929ea192ae5baa9329eb3192bc7,2016-02-13T02:22:33-05:00,tests/test_records.py,47,0,0,14
records,ad076f9ec8754929ea192ae5baa9329eb3192bc7,2016-02-13T02:22:33-05:00,records.py,360,0,0,32
records,ad076f9ec8754929ea192ae5baa9329eb3192bc7,2016-02-13T02:22:33-05:00,setup.py,54,0,0,6
records,444a0dec845bf02b4976b82ad4c4c27284d90ac7,2016-02-13T02:28:16-05:00,tests/test_records.py,47,0,0,14
records,444a0dec845bf02b4976b82ad4c4c27284d90ac7,2016-02-13T02:28:16-05:00,records.py,360,0,0,30
records,444a0dec845bf02b4976b82ad4c4c27284d90ac7,2016-02-13T02:28:16-05:00,setup.py,54,0,0,6
records,82905e19ee9f588c17004f6e150850c0abf9c67e,2016-02-13T02:44:49-05:00,tests/test_records.py,47,0,0,14
records,82905e19ee9f588c17004f6e150850c0abf9c67e,2016-02-13T02:44:49-05:00,records.py,360,0,0,30
records,82905e19ee9f588c17004f6e150850c0abf9c67e,2016-02-13T02:44:49-05:00,setup.py,54,0,0,6
records,9dd343741a93260a116fc2318c24031f383f4c09,2016-02-13T08:05:40-05:00,tests/test_records.py,47,0,0,14
records,9dd343741a93260a116fc2318c24031f383f4c09,2016-02-13T08:05:40-05:00,records.py,360,0,0,26
records,9dd343741a93260a116fc2318c24031f383f4c09,2016-02-13T08:05:40-05:00,setup.py,54,0,0,6
records,dd440860c86762480a7bd14f7f0ffd74408cefc3,2016-02-13T09:00:07-05:00,tests/test_records.py,47,0,0,14
records,dd440860c86762480a7bd14f7f0ffd74408cefc3,2016-02-13T09:00:07-05:00,records.py,358,0,0,22
records,dd440860c86762480a7bd14f7f0ffd74408cefc3,2016-02-13T09:00:07-05:00,setup.py,54,0,0,6
records,0948bffebb24996be3e6b978ffc8b970717eb5ae,2016-02-13T09:56:55-08:00,tests/test_records.py,47,0,0,14
records,0948bffebb24996be3e6b978ffc8b970717eb5ae,2016-02-13T09:56:55-08:00,records.py,358,0,0,18
records,0948bffebb24996be3e6b978ffc8b970717eb5ae,2016-02-13T09:56:55-08:00,setup.py,54,0,0,6
records,e896dc45440797fe431b0c730cc31976c00785d2,2016-02-14T11:50:28-05:00,examples/randomuser-sqlite.py,0,0,0,35
records,e896dc45440797fe431b0c730cc31976c00785d2,2016-02-14T11:50:28-05:00,tests/test_records.py,47,0,0,14
records,e896dc45440797fe431b0c730cc31976c00785d2,2016-02-14T11:50:28-05:00,records.py,358,0,0,18
records,e896dc45440797fe431b0c730cc31976c00785d2,2016-02-14T11:50:28-05:00,setup.py,54,0,0,6
records,fd754dd3f3290e3ed9aeaa89d7090c39954a1dfe,2016-02-16T03:22:11-05:00,tests/test_transactions.py,0,0,0,33
records,fd754dd3f3290e3ed9aeaa89d7090c39954a1dfe,2016-02-16T03:22:11-05:00,tests/test_records.py,47,0,0,14
records,fd754dd3f3290e3ed9aeaa89d7090c39954a1dfe,2016-02-16T03:22:11-05:00,examples/randomuser-sqlite.py,0,0,0,35
records,fd754dd3f3290e3ed9aeaa89d7090c39954a1dfe,2016-02-16T03:22:11-05:00,records.py,355,0,0,24
records,fd754dd3f3290e3ed9aeaa89d7090c39954a1dfe,2016-02-16T03:22:11-05:00,setup.py,54,0,0,2
records,fdd34ebdefd7bc399e633d0f0699609696d8e9bf,2016-02-16T03:23:54-05:00,tests/test_transactions.py,0,0,0,33
records,fdd34ebdefd7bc399e633d0f0699609696d8e9bf,2016-02-16T03:23:54-05:00,tests/test_records.py,47,0,0,14
records,fdd34ebdefd7bc399e633d0f0699609696d8e9bf,2016-02-16T03:23:54-05:00,examples/randomuser-sqlite.py,0,0,0,35
records,fdd34ebdefd7bc399e633d0f0699609696d8e9bf,2016-02-16T03:23:54-05:00,records.py,355,0,0,21
records,fdd34ebdefd7bc399e633d0f0699609696d8e9bf,2016-02-16T03:23:54-05:00,setup.py,54,0,0,2
records,52351e8ff4d3335f943a2c87eb0518b122cc936e,2016-02-27T19:48:24-05:00,tests/test_transactions.py,0,0,0,33
records,52351e8ff4d3335f943a2c87eb0518b122cc936e,2016-02-27T19:48:24-05:00,records.py,359,0,0,6
records,98ac44d450d7970f5289d520199e238f372dc2d8,2016-04-12T20:36:34-04:00,records.py,364,0,0,5
records,3bd546a9460651794c2ea1ab2fcd178d488816df,2016-11-15T09:45:09-05:00,tests/test_records.py,47,0,0,70
records,3bd546a9460651794c2ea1ab2fcd178d488816df,2016-11-15T09:45:09-05:00,records.py,363,0,0,56
records,3bd546a9460651794c2ea1ab2fcd178d488816df,2016-11-15T09:45:09-05:00,setup.py,54,0,0,2
records,78c6c00db141a8d3d9c7a800de494e1396cb6771,2016-11-20T17:39:08-05:00,tests/test_records.py,47,0,0,70
records,78c6c00db141a8d3d9c7a800de494e1396cb6771,2016-11-20T17:39:08-05:00,records.py,368,0,0,56
records,5c24ea7ea092ebda107c9e2fff1be4e2a97d9c74,2016-12-14T16:20:17+05:30,records.py,397,0,0,4
records,5c24ea7ea092ebda107c9e2fff1be4e2a97d9c74,2016-12-14T16:20:17+05:30,setup.py,54,0,0,4
records,42a7e78dc01f7a5df7829ffc6106dad0efa95775,2016-12-20T13:02:30-05:00,records.py,397,0,0,2
records,2b3213c06f953a962d6eb4f3d6afd1bae0163631,2017-01-24T20:24:43+01:00,records.py,394,0,0,25
records,dd581ff21acb4d2baeb3e53b0382907811b539f0,2017-08-30T13:51:20-04:00,records.py,419,4,0,38
records,dd581ff21acb4d2baeb3e53b0382907811b539f0,2017-08-30T13:51:20-04:00,setup.py,54,0,0,11
records,ecb1e17737d5e72b8dab48f9c7eb38f10eb3d7b9,2017-09-01T15:52:27-04:00,records.py,419,4,0,16
records,ecb1e17737d5e72b8dab48f9c7eb38f10eb3d7b9,2017-09-01T15:52:27-04:00,setup.py,54,0,0,7
records,5d2d4eb78f2145a1080367f8a3e9ce24881e392f,2017-09-17T11:10:27-04:00,records.py,415,4,0,0
records,5d2d4eb78f2145a1080367f8a3e9ce24881e392f,2017-09-17T11:10:27-04:00,setup.py,95,0,0,2
records,024a1fbc03c0c939c7e3249b7a112cd721b23c6b,2017-09-17T11:13:46-04:00,records.py,415,4,0,0
records,024a1fbc03c0c939c7e3249b7a112cd721b23c6b,2017-09-17T11:13:46-04:00,setup.py,95,0,0,2
records,3d47e45f1e0236235680c15576768b4a2084aba2,2017-12-09T13:14:59-08:00,records.py,489,4,0,7
records,cf131a971f13533663b5c4165607218b716b7a10,2017-12-11T07:14:50-05:00,records.py,417,2,0,0
records,76556f91c45aa0de0eb67d5b175eeb8c85ffb1dc,2018-02-13T07:38:22-06:00,tests/test_records.py,123,0,0,34
records,76556f91c45aa0de0eb67d5b175eeb8c85ffb1dc,2018-02-13T07:38:22-06:00,records.py,423,2,0,29
records,fe0ed3199dd952d57bfa12ecdb6c69acd1c98ece,2018-02-13T07:39:42-06:00,tests/test_records.py,123,0,0,34
records,fe0ed3199dd952d57bfa12ecdb6c69acd1c98ece,2018-02-13T07:39:42-06:00,records.py,497,2,0,29
records,d5adf51cfe2ac7e00bbbc3000369a788529d537f,2018-02-15T00:49:59+01:00,records.py,520,6,0,4
records,f2c5307d76e7909e7b0476e0b004590486ebdf37,2018-02-15T18:06:25-06:00,records.py,520,6,0,0
records,4d90d6d41810196f6652f6053a3a908ace6f5dae,2018-04-13T23:41:10+02:00,tests/test_transactions.py,60,0,0,67
records,4d90d6d41810196f6652f6053a3a908ace6f5dae,2018-04-13T23:41:10+02:00,tests/conftest.py,0,0,0,47
records,4d90d6d41810196f6652f6053a3a908ace6f5dae,2018-04-13T23:41:10+02:00,tests/test_69.py,0,0,0,3
records,4d90d6d41810196f6652f6053a3a908ace6f5dae,2018-04-13T23:41:10+02:00,records.py,550,6,0,18
records,4d90d6d41810196f6652f6053a3a908ace6f5dae,2018-04-13T23:41:10+02:00,setup.py,95,0,0,14
records,4d90d6d41810196f6652f6053a3a908ace6f5dae,2018-04-13T23:41:10+02:00,tests/test_105.py,0,0,0,6
records,eb59a8fe61e00548f0acb4e51a027b9d71632553,2018-04-26T15:00:47+02:00,tests/test_transactions.py,60,0,0,67
records,eb59a8fe61e00548f0acb4e51a027b9d71632553,2018-04-26T15:00:47+02:00,tests/conftest.py,0,0,0,47
records,eb59a8fe61e00548f0acb4e51a027b9d71632553,2018-04-26T15:00:47+02:00,tests/test_69.py,0,0,0,3
records,eb59a8fe61e00548f0acb4e51a027b9d71632553,2018-04-26T15:00:47+02:00,records.py,537,6,0,18
records,eb59a8fe61e00548f0acb4e51a027b9d71632553,2018-04-26T15:00:47+02:00,setup.py,95,0,0,8
records,eb59a8fe61e00548f0acb4e51a027b9d71632553,2018-04-26T15:00:47+02:00,tests/test_105.py,0,0,0,6
records,5e59c24c6072e62119b520643d1f212e52169892,2018-04-26T15:01:36+02:00,tests/test_transactions.py,60,0,0,67
records,5e59c24c6072e62119b520643d1f212e52169892,2018-04-26T15:01:36+02:00,tests/conftest.py,0,0,0,47
records,5e59c24c6072e62119b520643d1f212e52169892,2018-04-26T15:01:36+02:00,tests/test_69.py,0,0,0,3
records,5e59c24c6072e62119b520643d1f212e52169892,2018-04-26T15:01:36+02:00,records.py,550,6,0,18
records,5e59c24c6072e62119b520643d1f212e52169892,2018-04-26T15:01:36+02:00,setup.py,95,0,0,8
records,5e59c24c6072e62119b520643d1f212e52169892,2018-04-26T15:01:36+02:00,tests/test_105.py,0,0,0,6
records,59bb3c6da902a3fb9d71524daf740655a45529a5,2018-04-26T16:24:45+03:00,tests/test_transactions.py,60,0,0,67
records,59bb3c6da902a3fb9d71524daf740655a45529a5,2018-04-26T16:24:45+03:00,tests/conftest.py,0,0,0,47
records,59bb3c6da902a3fb9d71524daf740655a45529a5,2018-04-26T16:24:45+03:00,tests/test_69.py,0,0,0,3
records,59bb3c6da902a3fb9d71524daf740655a45529a5,2018-04-26T16:24:45+03:00,records.py,550,6,0,18
records,59bb3c6da902a3fb9d71524daf740655a45529a5,2018-04-26T16:24:45+03:00,setup.py,99,0,0,6
records,59bb3c6da902a3fb9d71524daf740655a45529a5,2018-04-26T16:24:45+03:00,tests/test_105.py,0,0,0,6
records,6b62ec881b029a99229a97e3b13394249e6f6e2d,2018-04-26T17:34:50+02:00,tests/test_transactions.py,60,0,0,67
records,6b62ec881b029a99229a97e3b13394249e6f6e2d,2018-04-26T17:34:50+02:00,tests/conftest.py,0,0,0,47
records,6b62ec881b029a99229a97e3b13394249e6f6e2d,2018-04-26T17:34:50+02:00,tests/test_69.py,0,0,0,3
records,6b62ec881b029a99229a97e3b13394249e6f6e2d,2018-04-26T17:34:50+02:00,records.py,550,6,0,18
records,6b62ec881b029a99229a97e3b13394249e6f6e2d,2018-04-26T17:34:50+02:00,setup.py,99,0,0,2
records,6b62ec881b029a99229a97e3b13394249e6f6e2d,2018-04-26T17:34:50+02:00,tests/test_105.py,0,0,0,6
records,e2e73cbf5dd2eb565da3ea45a8aa6d061bca0a1d,2018-04-26T22:47:11+02:00,tests/test_transactions.py,83,0,0,67
records,e2e73cbf5dd2eb565da3ea45a8aa6d061bca0a1d,2018-04-26T22:47:11+02:00,tests/conftest.py,47,0,0,47
records,e2e73cbf5dd2eb565da3ea45a8aa6d061bca0a1d,2018-04-26T22:47:11+02:00,tests/test_69.py,0,0,0,3
records,e2e73cbf5dd2eb565da3ea45a8aa6d061bca0a1d,2018-04-26T22:47:11+02:00,records.py,550,6,0,18
records,e2e73cbf5dd2eb565da3ea45a8aa6d061bca0a1d,2018-04-26T22:47:11+02:00,setup.py,99,0,0,2
records,e2e73cbf5dd2eb565da3ea45a8aa6d061bca0a1d,2018-04-26T22:47:11+02:00,tests/test_105.py,0,0,0,6
records,069e530978f5111b1240cbb3034c17a793649b14,2018-04-27T00:06:58+02:00,tests/test_105.py,6,0,0,6
records,069e530978f5111b1240cbb3034c17a793649b14,2018-04-27T00:06:58+02:00,records.py,550,6,0,18
records,069e530978f5111b1240cbb3034c17a793649b14,2018-04-27T00:06:58+02:00,setup.py,99,0,0,2
records,c5dfc013eba1e7076b662302f8cbecaff129e5ab,2018-04-28T22:49:20+02:00,records.py,534,2,0,0
records,80ad70f07dd7a1ed35c08d60270d4c2abb95a4a6,2018-09-17T08:13:13-04:00,records.py,534,2,0,0
records,3ae59e78c5066aee53e0bd4e28f1a79591cc63d0,2019-05-23T12:31:23-04:00,records.py,532,2,0,4
records,c23f5770127826665402e17ab4e115127b5489c5,2019-08-20T00:06:01-04:00,records.py,532,2,0,0
records,c23f5770127826665402e17ab4e115127b5489c5,2019-08-20T00:06:01-04:00,setup.py,99,0,0,1
records,ee04fb246889b6bcf0d5ffbc9337c047da5eaa34,2020-01-06T08:24:39-05:00,records.py,536,2,0,16
records,0dc011e9658b17bf427c7eb4dd7ff13c30db4c9c,2021-10-19T16:07:29-03:00,records.py,532,2,0,6
records,9852454301e6606269fb8def2302c790f3957440,2024-03-29T19:00:16-04:00,tests/conftest.py,47,0,0,22
records,9852454301e6606269fb8def2302c790f3957440,2024-03-29T19:00:16-04:00,records.py,532,2,0,94
records,9852454301e6606269fb8def2302c790f3957440,2024-03-29T19:00:16-04:00,setup.py,99,0,0,103
records,677d8e5e18346d4532914f43af7dfe887ee4b385,2024-03-29T19:01:05-04:00,tests/conftest.py,47,0,0,22
records,677d8e5e18346d4532914f43af7dfe887ee4b385,2024-03-29T19:01:05-04:00,records.py,541,2,0,94
records,677d8e5e18346d4532914f43af7dfe887ee4b385,2024-03-29T19:01:05-04:00,setup.py,99,0,0,103
records,e6812128fd86f45223c64f389eb7c0b87c703c8e,2024-03-29T19:01:35-04:00,tests/conftest.py,47,0,0,22
records,e6812128fd86f45223c64f389eb7c0b87c703c8e,2024-03-29T19:01:35-04:00,records.py,541,2,0,94
records,e6812128fd86f45223c64f389eb7c0b87c703c8e,2024-03-29T19:01:35-04:00,setup.py,99,0,0,103
records,03eb1f377893e02230587be1308d18fcde01b420,2024-03-29T19:04:34-04:00,tests/conftest.py,47,0,0,22
records,03eb1f377893e02230587be1308d18fcde01b420,2024-03-29T19:04:34-04:00,records.py,545,2,0,94
records,03eb1f377893e02230587be1308d18fcde01b420,2024-03-29T19:04:34-04:00,setup.py,99,0,0,103
records,78636f211ad50a948724427fa4595cf498489a86,2024-03-29T19:14:22-04:00,tests/conftest.py,47,0,0,22
records,78636f211ad50a948724427fa4595cf498489a86,2024-03-29T19:14:22-04:00,records.py,548,2,0,94
records,78636f211ad50a948724427fa4595cf498489a86,2024-03-29T19:14:22-04:00,setup.py,99,0,0,103
records,d53f49c9ae98e92f5917665997be52f25ac20db6,2024-03-29T19:20:56-04:00,tests/conftest.py,47,0,0,22
records,d53f49c9ae98e92f5917665997be52f25ac20db6,2024-03-29T19:20:56-04:00,records.py,548,2,0,94
records,d53f49c9ae98e92f5917665997be52f25ac20db6,2024-03-29T19:20:56-04:00,setup.py,99,0,0,103
records,08845f792acd946b075c71011aa9ffc2f03887d1,2024-03-29T19:23:13-04:00,tests/conftest.py,47,0,0,22
records,08845f792acd946b075c71011aa9ffc2f03887d1,2024-03-29T19:23:13-04:00,records.py,548,2,0,94
records,08845f792acd946b075c71011aa9ffc2f03887d1,2024-03-29T19:23:13-04:00,setup.py,108,0,0,103
records,9e0d8bc24410769590d8e998f51fb72ebf2d9066,2024-03-29T19:37:25-04:00,tests/conftest.py,49,0,0,22
records,9e0d8bc24410769590d8e998f51fb72ebf2d9066,2024-03-29T19:37:25-04:00,records.py,562,2,0,94
records,9e0d8bc24410769590d8e998f51fb72ebf2d9066,2024-03-29T19:37:25-04:00,setup.py,108,0,0,6
records,72efce67874d1b40ac2a35542127e8830da49707,2024-03-29T19:50:46-04:00,records.py,562,2,0,0
records,72efce67874d1b40ac2a35542127e8830da49707,2024-03-29T19:50:46-04:00,setup.py,106,0,0,4
records,0ba5df1bd910bb5b77f4c193aa52323236247899,2024-07-07T22:12:21+04:00,examples/randomuser-sqlite.py,36,0,0,43
records,0ba5df1bd910bb5b77f4c193aa52323236247899,2024-07-07T22:12:21+04:00,records.py,562,2,0,0
records,a2c07855e9bdf1f4b7aa4aed53835a0f3ca83262,2026-02-08T14:36:11-08:00,examples/randomuser-sqlite.py,36,0,0,86
records,a2c07855e9bdf1f4b7aa4aed53835a0f3ca83262,2026-02-08T14:36:11-08:00,records.py,563,2,0,1
