repo,analyzer_id,analyzer_version,severity,file,line,message,evidence_kind,matches_count,context,label,note
aiohttp,dup.block,4,warn,aiohttp/base_protocol.py,72,5+ line block duplicated in 2 places,,2,        if not self._upgraded: ⏎             assert self._parser is not None ⏎             self._parser.pause_reading() ⏎         if self.transport is not None: ⏎             try: ⏎                 self.transport.pause_reading() ⏎             except PAUSE_RESUME_READING_ERRORS:,,
aiohttp,dup.block,4,warn,aiohttp/client.py,1058,5+ line block duplicated in 2 places,,2,"                stacklevel=2, ⏎             ) ⏎             ws_timeout = dataclasses.replace(ws_timeout, ws_receive=receive_timeout) ⏎  ⏎         if headers is None: ⏎             real_headers: CIMultiDict[str] = CIMultiDict() ⏎         else:",,
aiohttp,dup.block,4,warn,aiohttp/client_ws.py,168,5+ line block duplicated in 2 places,,2,"            self._heartbeat_cb = loop.call_at(when, self._send_heartbeat) ⏎  ⏎     def _send_heartbeat(self) -> None: ⏎         self._heartbeat_cb = None ⏎  ⏎         # If heartbeat reset is pending (data is being received), skip sending ⏎         # the ping and let the reset callback handle rescheduling the heartbeat.",,
aiohttp,dup.block,4,warn,aiohttp/client_ws.py,433,5+ line block duplicated in 2 places,,2,"                        set_result(self._close_wait, None) ⏎             except (asyncio.CancelledError, asyncio.TimeoutError): ⏎                 self._close_code = WSCloseCode.ABNORMAL_CLOSURE ⏎                 raise ⏎             except EofStream: ⏎                 self._close_code = WSCloseCode.OK ⏎                 await self.close()",,
aiohttp,dup.block,4,warn,aiohttp/http_parser.py,818,5+ line block duplicated in 2 places,,2,"        ( ⏎             headers, ⏎             raw_headers, ⏎             close, ⏎             compression, ⏎             upgrade, ⏎             chunked,",,
aiohttp,dup.block,4,warn,aiohttp/streams.py,295,5+ line block duplicated in 2 places,,2,        self._size += data_len ⏎         self._buffer.append(data) ⏎         self.total_bytes += data_len ⏎  ⏎         waiter = self._waiter ⏎         if waiter is not None: ⏎             self._waiter = None,,
aiohttp,dup.block,4,warn,aiohttp/web_runner.py,140,5+ line block duplicated in 3 places,,3,"        reuse_address: bool | None = None, ⏎         reuse_port: bool | None = None, ⏎     ) -> None: ⏎         super().__init__( ⏎             runner, ⏎             ssl_context=ssl_context, ⏎             backlog=backlog,",,
aiohttp,dup.block,4,warn,aiohttp/web_server.py,64,5+ line block duplicated in 2 places,,2,"        **kwargs: Any, ⏎     ) -> None: ⏎         if debug is not None: ⏎             warnings.warn( ⏎                 ""debug argument is no-op since 4.0 and scheduled for removal in 5.0"", ⏎                 DeprecationWarning, ⏎                 stacklevel=2,",,
aiohttp,dup.block,4,warn,aiohttp/web_urldispatcher.py,742,5+ line block duplicated in 2 places,,2," ⏎     async def resolve(self, request: Request) -> _Resolve: ⏎         match_info = await self._app.router.resolve(request) ⏎         match_info.add_app(self._app) ⏎         if isinstance(match_info.http_exception, HTTPMethodNotAllowed): ⏎             methods = match_info.http_exception.allowed_methods ⏎         else:",,
aiohttp,dup.block,4,warn,aiohttp/web_ws.py,197,5+ line block duplicated in 2 places,,2," ⏎         loop = self._loop ⏎         assert loop is not None and self._writer is not None ⏎         now = loop.time() ⏎         if now < self._heartbeat_when: ⏎             # Heartbeat fired too early, reschedule ⏎             self._heartbeat_cb = loop.call_at(",,
aiohttp,dup.block,4,warn,aiohttp/web_ws.py,223,5+ line block duplicated in 2 places,,2,"                ping_task = asyncio.Task(coro, loop=loop, eager_start=True) ⏎         elif sys.version_info >= (3, 12): ⏎             ping_task = asyncio.Task(coro, loop=loop, eager_start=True) ⏎         else: ⏎             ping_task = asyncio.create_task(coro) ⏎  ⏎         if not ping_task.done():",,
aiohttp,dup.block,4,warn,examples/combined_middleware.py,50,5+ line block duplicated in 2 places,,2," ⏎         # Log request ⏎         _LOGGER.info(""[REQUEST] %s %s"", request.method, request.url) ⏎  ⏎         # Execute request ⏎         response = await handler(request) ⏎ ",,
aiohttp,dup.block,4,warn,examples/combined_middleware.py,132,5+ line block duplicated in 2 places,,2,"            if attempt > 0: ⏎                 _LOGGER.info( ⏎                     ""Retrying request (attempt %s/%s)"", ⏎                     attempt + 1, ⏎                     self.max_retries + 1, ⏎                 ) ⏎ ",,
aiohttp,dup.block,4,warn,examples/retry_middleware.py,61,5+ line block duplicated in 2 places,,2,"                _LOGGER.info( ⏎                     ""Retrying request to %s (attempt %s/%s)"", ⏎                     request.url, ⏎                     attempt + 1, ⏎                     self.max_retries + 1, ⏎                 ) ⏎ ",,
aiohttp,dup.block,4,warn,examples/token_refresh_middleware.py,253,5+ line block duplicated in 5 places,,5,"    app.router.add_post(""/token/refresh"", test_server.handle_token_refresh) ⏎     app.router.add_get(""/api/protected"", test_server.handle_protected_resource) ⏎     app.router.add_get(""/api/user"", test_server.handle_user_info) ⏎  ⏎     runner = web.AppRunner(app) ⏎     await runner.setup() ⏎     site = web.TCPSite(runner, ""localhost"", 8080)",,
black,dup.block,4,warn,src/black/ranges.py,483,5+ line block duplicated in 2 places,,2,"        newline.prefix = """" ⏎     replacements.record( ⏎         list(nodes), ⏎         Leaf( ⏎             STANDALONE_COMMENT, ⏎             value, ⏎             prefix=prefix,",,
black,dup.block,4,warn,src/black/trans.py,1145,5+ line block duplicated in 3 places,,3,"            return match_result ⏎  ⏎         string_indices = match_result.ok() ⏎         assert len(string_indices) == 1, ( ⏎             f""{self.__class__.__name__} should only find one match at a time, found"" ⏎             f"" {len(string_indices)}"" ⏎         )",,
black,dup.block,4,warn,src/black/trans.py,2178,5+ line block duplicated in 3 places,,3,"                    idx = i + 2 if is_empty_par(LL[i + 1]) else i + 1 ⏎  ⏎                     # That symbol MUST be followed by a string... ⏎                     if is_valid_index(idx) and LL[idx].type == token.STRING: ⏎                         string_idx = idx ⏎  ⏎                         # Skip the string trailer, if one exists.",,
black,dup.block,4,warn,src/black/trans.py,2192,5+ line block duplicated in 2 places,,2,                            and is_valid_index(idx) ⏎                             and LL[idx].type == token.COMMA ⏎                         ): ⏎                             idx += 1 ⏎  ⏎                         # But no more leaves are allowed... ⏎                         if not is_valid_index(idx):,,
black,dup.block,4,warn,src/blib2to3/pgen2/conv.py,61,5+ line block duplicated in 2 places,,2,"        This file is a sequence of #define statements defining the ⏎         nonterminals of the grammar as numbers.  We build two tables ⏎         mapping the numbers to names and back. ⏎  ⏎         """""" ⏎         try: ⏎             f = open(filename)",,
black,dup.block,4,warn,src/blib2to3/pgen2/pgen.py,91,5+ line block duplicated in 2 places,,2,"                itoken = getattr(token, label, None) ⏎                 assert isinstance(itoken, int), label ⏎                 assert itoken in token.tok_name, label ⏎                 if itoken in c.tokens: ⏎                     return c.tokens[itoken] ⏎                 else: ⏎                     c.labels.append((itoken, None))",,
black,dup.block,4,warn,src/blib2to3/pytree.py,399,5+ line block duplicated in 2 places,,2,            return ⏎         before = self.children[i - 1] if i > 0 else None ⏎         after = self.children[i + 1] if i + 1 < len(self.children) else None ⏎         prev_map[id(child)] = before ⏎         next_map[id(child)] = after ⏎         next_map[id(before)] = child ⏎         if after is not None:,,
click,dup.block,4,warn,src/click/__init__.py,82,5+ line block duplicated in 2 places,,2,"    if name == ""BaseCommand"": ⏎         from .core import _BaseCommand ⏎  ⏎         warnings.warn( ⏎             ""'BaseCommand' is deprecated and will be removed in Click 9.0. Use"" ⏎             "" 'Command' instead."", ⏎             DeprecationWarning,",,
click,dup.block,4,warn,src/click/_compat.py,200,5+ line block duplicated in 2 places,,2,"    # the streams to get binary streams.  Some code might do this, so ⏎     # we need to deal with this case explicitly. ⏎     if _is_binary_writer(stream, False): ⏎         return t.cast(t.BinaryIO, stream) ⏎  ⏎     buf = getattr(stream, ""buffer"", None) ⏎ ",,
click,dup.block,4,warn,src/click/_winconsole.py,225,5+ line block duplicated in 3 places,,3,"def _get_text_stdin(buffer_stream: t.BinaryIO) -> t.TextIO: ⏎     text_stream = _NonClosingTextIOWrapper( ⏎         io.BufferedReader(_WindowsConsoleReader(STDIN_HANDLE)), ⏎         ""utf-16-le"", ⏎         ""strict"", ⏎         line_buffering=True, ⏎     )",,
click,dup.block,4,warn,src/click/core.py,1845,5+ line block duplicated in 2 places,,2,"            Added the :attr:`command_class` attribute. ⏎         """""" ⏎         from .decorators import command ⏎  ⏎         func: t.Callable[..., t.Any] | None = None ⏎  ⏎         if args and callable(args[0]):",,
click,dup.block,4,warn,src/click/decorators.py,372,5+ line block duplicated in 2 places,,2,"    """""" ⏎     if cls is None: ⏎         cls = Option ⏎  ⏎     def decorator(f: FC) -> FC: ⏎         _param_memo(f, cls(param_decls, **attrs)) ⏎         return f",,
click,dup.block,4,warn,src/click/decorators.py,590,5+ line block duplicated in 2 places,,2,"            return ⏎  ⏎         echo(callback(ctx), color=ctx.color) ⏎         ctx.exit() ⏎  ⏎     if not param_decls: ⏎         param_decls = (""--version"",)",,
fastapi,dup.block,4,warn,docs_src/custom_request_and_route/tutorial002_an_py310.py,11,5+ line block duplicated in 2 places,,2, ⏎ class ValidationErrorLoggingRoute(APIRoute): ⏎     def get_route_handler(self) -> Callable: ⏎         original_route_handler = super().get_route_handler() ⏎  ⏎         async def custom_route_handler(request: Request) -> Response: ⏎             try:,,
fastapi,dup.block,4,warn,docs_src/custom_response/tutorial003_py310.py,15,5+ line block duplicated in 2 places,,2,"            <title>Some HTML in here</title> ⏎         </head> ⏎         <body> ⏎             <h1>Look ma! HTML!</h1> ⏎         </body> ⏎     </html> ⏎     """"""",,
fastapi,dup.block,4,warn,docs_src/dependencies/tutorial008_py310.py,5,5+ line block duplicated in 2 places,,2, ⏎  ⏎ async def dependency_a(): ⏎     dep_a = generate_dep_a() ⏎     try: ⏎         yield dep_a ⏎     finally:,,
fastapi,dup.block,4,warn,docs_src/dependencies/tutorial008d_an_py310.py,22,5+ line block duplicated in 4 places,,4," ⏎ @app.get(""/items/{item_id}"") ⏎ def get_item(item_id: str, username: Annotated[str, Depends(get_username)]): ⏎     if item_id == ""portal-gun"": ⏎         raise InternalError( ⏎             f""The portal gun is too dangerous to be owned by {username}"" ⏎         )",,
fastapi,dup.block,4,warn,docs_src/dependency_testing/tutorial001_py310.py,41,5+ line block duplicated in 2 places,,2," ⏎  ⏎ def test_override_in_items_with_q(): ⏎     response = client.get(""/items/?q=foo"") ⏎     assert response.status_code == 200 ⏎     assert response.json() == { ⏎         ""message"": ""Hello Items!"",",,
fastapi,dup.block,4,warn,docs_src/extra_data_types/tutorial001_an_py310.py,18,5+ line block duplicated in 2 places,,2,"    process_after: Annotated[timedelta, Body()], ⏎     repeat_at: Annotated[time | None, Body()] = None, ⏎ ): ⏎     start_process = start_datetime + process_after ⏎     duration = end_datetime - start_process ⏎     return { ⏎         ""item_id"": item_id,",,
fastapi,dup.block,4,warn,docs_src/path_operation_advanced_configuration/tutorial006_py310.py,9,5+ line block duplicated in 2 places,,2,"def magic_data_reader(raw_body: bytes): ⏎     return { ⏎         ""size"": len(raw_body), ⏎         ""content"": { ⏎             ""name"": ""Maaaagic"", ⏎             ""price"": 42, ⏎             ""description"": ""Just kiddin', no magic here. ✨"",",,
fastapi,dup.block,4,warn,docs_src/security/tutorial004_py310.py,82,5+ line block duplicated in 4 places,,4," ⏎  ⏎ def create_access_token(data: dict, expires_delta: timedelta | None = None): ⏎     to_encode = data.copy() ⏎     if expires_delta: ⏎         expire = datetime.now(timezone.utc) + expires_delta ⏎     else:",,
fastapi,dup.block,4,warn,docs_src/security/tutorial007_py310.py,22,5+ line block duplicated in 2 places,,2,"    is_correct_password = secrets.compare_digest( ⏎         current_password_bytes, correct_password_bytes ⏎     ) ⏎     if not (is_correct_username and is_correct_password): ⏎         raise HTTPException( ⏎             status_code=status.HTTP_401_UNAUTHORIZED, ⏎             detail=""Incorrect username or password"",",,
fastapi,dup.block,4,warn,docs_src/sql_databases/tutorial001_an_py310.py,68,5+ line block duplicated in 4 places,,4," ⏎ @app.delete(""/heroes/{hero_id}"") ⏎ def delete_hero(hero_id: int, session: SessionDep): ⏎     hero = session.get(Hero, hero_id) ⏎     if not hero: ⏎         raise HTTPException(status_code=404, detail=""Hero not found"") ⏎     session.delete(hero)",,
fastapi,dup.block,4,warn,fastapi/encoders.py,264,5+ line block duplicated in 4 places,,4,"        obj_dict = dataclasses.asdict(obj) ⏎         return jsonable_encoder( ⏎             obj_dict, ⏎             include=include, ⏎             exclude=exclude, ⏎             by_alias=by_alias, ⏎             exclude_unset=exclude_unset,",,
fastapi,dup.block,4,warn,fastapi/encoders.py,326,5+ line block duplicated in 3 places,,3,"                    item, ⏎                     include=include, ⏎                     exclude=exclude, ⏎                     by_alias=by_alias, ⏎                     exclude_unset=exclude_unset, ⏎                     exclude_defaults=exclude_defaults, ⏎                     exclude_none=exclude_none,",,
fastapi,dup.block,4,warn,fastapi/openapi/utils.py,425,5+ line block duplicated in 2 places,,2,"                    jsonl_content: dict[str, Any] = {} ⏎                     if route.stream_item_field: ⏎                         item_schema = get_schema_from_model_field( ⏎                             field=route.stream_item_field, ⏎                             model_name_map=model_name_map, ⏎                             field_mapping=field_mapping, ⏎                             separate_input_output_schemas=separate_input_output_schemas,",,
fastapi,dup.block,4,warn,fastapi/params.py,95,5+ line block duplicated in 2 places,,2,"            le=le, ⏎             min_length=min_length, ⏎             max_length=max_length, ⏎             discriminator=discriminator, ⏎             multiple_of=multiple_of, ⏎             allow_inf_nan=allow_inf_nan, ⏎             max_digits=max_digits,",,
fastapi,dup.block,4,warn,fastapi/params.py,100,5+ line block duplicated in 2 places,,2,"            allow_inf_nan=allow_inf_nan, ⏎             max_digits=max_digits, ⏎             decimal_places=decimal_places, ⏎             **extra, ⏎         ) ⏎         if examples is not None: ⏎             kwargs[""examples""] = examples",,
fastapi,dup.block,4,warn,fastapi/params.py,123,5+ line block duplicated in 2 places,,2,"                ""alias_priority"": alias_priority, ⏎                 ""validation_alias"": validation_alias, ⏎                 ""serialization_alias"": serialization_alias, ⏎                 ""strict"": strict, ⏎                 ""json_schema_extra"": current_json_schema_extra, ⏎             } ⏎         )",,
fastapi,dup.block,4,warn,fastapi/routing.py,3028,5+ line block duplicated in 2 places,,2,"                response_class=response_class, ⏎                 name=name, ⏎                 callbacks=callbacks, ⏎                 openapi_extra=openapi_extra, ⏎                 generate_unique_id_function=generate_unique_id_function, ⏎             ) ⏎             return func",,
fastapi,dup.block,4,warn,fastapi/security/oauth2.py,634,5+ line block duplicated in 2 places,,2,"                    ""scopes"": scopes, ⏎                 }, ⏎             ) ⏎         ) ⏎         super().__init__( ⏎             flows=flows, ⏎             scheme_name=scheme_name,",,
flask,dup.block,4,warn,examples/tutorial/flaskr/auth.py,87,5+ line block duplicated in 2 places,,2,"@bp.route(""/login"", methods=(""GET"", ""POST"")) ⏎ def login(): ⏎     """"""Log in a registered user by adding the user id to the session."""""" ⏎     if request.method == ""POST"": ⏎         username = request.form[""username""] ⏎         password = request.form[""password""] ⏎         db = get_db()",,
flask,dup.block,4,warn,examples/tutorial/flaskr/blog.py,97,5+ line block duplicated in 2 places,,2,"        body = request.form[""body""] ⏎         error = None ⏎  ⏎         if not title: ⏎             error = ""Title is required."" ⏎  ⏎         if error is not None:",,
flask,dup.block,4,warn,src/flask/app.py,401,5+ line block duplicated in 2 places,,2," ⏎         Note this is a duplicate of the same method in the Flask ⏎         class. ⏎  ⏎         .. versionadded:: 0.5 ⏎  ⏎         """"""",,
flask,dup.block,4,warn,src/flask/app.py,406,5+ line block duplicated in 2 places,,2," ⏎         """""" ⏎         if not self.has_static_folder: ⏎             raise RuntimeError(""'static_folder' must be set to serve static_files."") ⏎  ⏎         # send_file only knows to call get_send_file_max_age on the app, ⏎         # call it here so it works for blueprints too.",,
httpx,dup.block,4,warn,httpx/_client.py,662,5+ line block duplicated in 2 places,,2,"        transport: BaseTransport | None = None, ⏎         default_encoding: str | typing.Callable[[bytes], str] = ""utf-8"", ⏎     ) -> None: ⏎         super().__init__( ⏎             auth=auth, ⏎             params=params, ⏎             headers=headers,",,
httpx,dup.block,4,warn,httpx/_client.py,682,5+ line block duplicated in 2 places,,2,"            except ImportError:  # pragma: no cover ⏎                 raise ImportError( ⏎                     ""Using http2=True, but the 'h2' package is not installed. "" ⏎                     ""Make sure to install httpx using `pip install httpx[http2]`."" ⏎                 ) from None ⏎  ⏎         allow_env_proxies = trust_env and transport is None",,
httpx,dup.block,4,warn,httpx/_client.py,687,5+ line block duplicated in 2 places,,2," ⏎         allow_env_proxies = trust_env and transport is None ⏎         proxy_map = self._get_proxy_map(proxy, allow_env_proxies) ⏎  ⏎         self._transport = self._init_transport( ⏎             verify=verify, ⏎             cert=cert,",,
httpx,dup.block,4,warn,httpx/_client.py,708,5+ line block duplicated in 2 places,,2,"                http1=http1, ⏎                 http2=http2, ⏎                 limits=limits, ⏎             ) ⏎             for key, proxy in proxy_map.items() ⏎         } ⏎         if mounts is not None:",,
httpx,dup.block,4,warn,httpx/_client.py,753,5+ line block duplicated in 2 places,,2,"        return HTTPTransport( ⏎             verify=verify, ⏎             cert=cert, ⏎             trust_env=trust_env, ⏎             http1=http1, ⏎             http2=http2, ⏎             limits=limits,",,
httpx,dup.block,4,warn,httpx/_client.py,861,5+ line block duplicated in 4 places,,4,"            content=content, ⏎             data=data, ⏎             files=files, ⏎             json=json, ⏎             params=params, ⏎             headers=headers, ⏎             cookies=cookies,",,
httpx,dup.block,4,warn,httpx/_client.py,1002,5+ line block duplicated in 2 places,,2,"                raise exc ⏎  ⏎     def _send_single_request(self, request: Request) -> Response: ⏎         """""" ⏎         Sends a single request, without handling any redirections. ⏎         """""" ⏎         transport = self._transport_for_url(request.url)",,
httpx,dup.block,4,warn,httpx/_client.py,1735,5+ line block duplicated in 2 places,,2,"        assert isinstance(response.stream, AsyncByteStream) ⏎         response.request = request ⏎         response.stream = BoundAsyncStream( ⏎             response.stream, response=response, start=start ⏎         ) ⏎         self.cookies.extract_cookies(response) ⏎         response.default_encoding = self._default_encoding",,
httpx,dup.block,4,warn,httpx/_models.py,910,5+ line block duplicated in 2 places,,2,"    def iter_text(self, chunk_size: int | None = None) -> typing.Iterator[str]: ⏎         """""" ⏎         A str-iterator over the decoded response content ⏎         that handles both gzip, deflate, etc but also detects the content's ⏎         string encoding. ⏎         """""" ⏎         decoder = TextDecoder(encoding=self.encoding or ""utf-8"")",,
httpx,dup.block,4,warn,httpx/_models.py,986,5+ line block duplicated in 2 places,,2,"        self, chunk_size: int | None = None ⏎     ) -> typing.AsyncIterator[bytes]: ⏎         """""" ⏎         A byte-iterator over the decoded response content. ⏎         This allows us to handle gzip, deflate, brotli, and zstd encoded responses. ⏎         """""" ⏎         if hasattr(self, ""_content""):",,
httpx,dup.block,4,warn,httpx/_transports/default.py,202,5+ line block duplicated in 2 places,,2,"                    host=proxy.url.raw_host, ⏎                     port=proxy.url.port, ⏎                     target=proxy.url.raw_path, ⏎                 ), ⏎                 proxy_auth=proxy.raw_auth, ⏎                 ssl_context=ssl_context, ⏎                 max_connections=limits.max_connections,",,
httpx,dup.block,4,warn,httpx/_transports/default.py,235,5+ line block duplicated in 2 places,,2,"        request: Request, ⏎     ) -> Response: ⏎         assert isinstance(request.stream, SyncByteStream) ⏎         import httpcore ⏎  ⏎         req = httpcore.Request( ⏎             method=request.method,",,
httpx,dup.block,4,warn,httpx/_transports/default.py,384,5+ line block duplicated in 2 places,,2,"        req = httpcore.Request( ⏎             method=request.method, ⏎             url=httpcore.URL( ⏎                 scheme=request.url.raw_scheme, ⏎                 host=request.url.raw_host, ⏎                 port=request.url.port, ⏎                 target=request.url.raw_path,",,
poetry,dup.block,4,warn,src/poetry/config/file_config_source.py,40,5+ line block duplicated in 2 places,,2,"        keys = split_key(key) ⏎  ⏎         config = self.file.read() if self.file.exists() else {} ⏎  ⏎         for i, sub_key in enumerate(keys): ⏎             if sub_key not in config: ⏎                 raise PropertyNotFoundError(f""Key {'.'.join(keys)} not in config"")",,
poetry,dup.block,4,warn,src/poetry/puzzle/provider.py,399,5+ line block duplicated in 2 places,,2,"        self.validate_package_for_dependency(dependency=dependency, package=package) ⏎  ⏎         package.develop = dependency.develop ⏎  ⏎         if dependency.base is not None: ⏎             package.root_dir = dependency.base ⏎ ",,
poetry,dup.block,4,warn,src/poetry/repositories/installed_repository.py,164,5+ line block duplicated in 2 places,,2,"        elif is_python_project(path.parent): ⏎             source_type = ""directory"" ⏎             source_url = str(path.parent) ⏎  ⏎         package = Package( ⏎             dist_metadata[""name""], ⏎             dist_metadata[""version""],",,
poetry,dup.block,4,warn,src/poetry/repositories/installed_repository.py,230,5+ line block duplicated in 2 places,,2,"            source_resolved_reference=source_resolved_reference, ⏎             source_subdirectory=source_subdirectory, ⏎             develop=develop, ⏎         ) ⏎  ⏎         package.description = dist_metadata.get(  # type: ignore[attr-defined] ⏎             ""summary"",",,
poetry,dup.block,4,warn,src/poetry/vcs/git/backend.py,360,5+ line block duplicated in 3 places,,3,"            if ref is not None: ⏎                 local.refs[Ref(b""HEAD"")] = ref ⏎         except ValueError: ⏎             raise PoetryRuntimeError.create( ⏎                 reason=f""<error>Failed to clone {url} at '{refspec.key}', verify ref exists on remote.</>"", ⏎                 info=[ ⏎                     ERROR_MESSAGE_NOTE,",,
pytest,dup.block,4,warn,src/_pytest/capture.py,593,5+ line block duplicated in 2 places,,2,"    EMPTY_BUFFER = """" ⏎  ⏎     def snap(self) -> str: ⏎         self._assert_state(""snap"", (""started"", ""suspended"")) ⏎         # Avoid seek/read/truncate in the common case of no output. ⏎         if os.fstat(self.tmpfile.fileno()).st_size == 0: ⏎             return self.EMPTY_BUFFER",,
pytest,dup.block,4,warn,src/_pytest/doctest.py,224,5+ line block duplicated in 2 places,,2,"            if isinstance(exc_info[1], bdb.BdbQuit): ⏎                 outcomes.exit(""Quitting debugger"") ⏎             failure = doctest.UnexpectedException(test, example, exc_info) ⏎             if self.continue_on_failure: ⏎                 out.append(failure) ⏎             else: ⏎                 raise failure",,
pytest,dup.block,4,warn,src/_pytest/fixtures.py,2482,5+ line block duplicated in 2 places,,2," ⏎  ⏎ def _showfixtures_main(config: Config, session: Session) -> None: ⏎     import _pytest.config ⏎  ⏎     session.perform_collect() ⏎     invocation_dir = config.invocation_params.dir",,
pytest,dup.block,4,warn,src/_pytest/main.py,110,5+ line block duplicated in 2 places,,2,"        ""strict_markers"", ⏎         ""Markers not registered in the `markers` section of the configuration "" ⏎         ""file raise errors"", ⏎         type=""bool"", ⏎         # None => fallback to `strict`. ⏎         default=None, ⏎     )",,
pytest,dup.block,4,warn,src/_pytest/raises.py,703,5+ line block duplicated in 2 places,,2,"            else: ⏎                 names = "", "".join(x.__name__ for x in self.expected_exceptions) ⏎                 fail(f""DID NOT RAISE any of ({names})"") ⏎  ⏎         assert self.excinfo is not None, ( ⏎             ""Internal error - should have been constructed in __enter__"" ⏎         )",,
pytest,dup.block,4,warn,src/_pytest/raises.py,1407,5+ line block duplicated in 2 places,,2,"        __tracebackhide__ = True ⏎         if exc_type is None: ⏎             fail(f""DID NOT RAISE any exception, expected `{self.expected_type()}`"") ⏎  ⏎         assert self.excinfo is not None, ( ⏎             ""Internal error - should have been constructed in __enter__"" ⏎         )",,
pytest,dup.block,4,warn,src/_pytest/skipping.py,224,5+ line block duplicated in 2 places,,2,"        if strict is None: ⏎             strict = item.config.getini(""strict"") ⏎         raises = mark.kwargs.get(""raises"", None) ⏎         if ""condition"" not in mark.kwargs: ⏎             conditions = mark.args ⏎         else: ⏎             conditions = (mark.kwargs[""condition""],)",,
pytest,dup.block,4,warn,src/_pytest/unraisableexception.py,46,5+ line block duplicated in 2 places,,2,def collect_unraisable(config: Config) -> None: ⏎     pop_unraisable = config.stash[unraisable_exceptions].pop ⏎     errors: list[pytest.PytestUnraisableExceptionWarning | RuntimeError] = [] ⏎     meta = None ⏎     hook_error = None ⏎     try: ⏎         while True:,,
pytest,dup.block,4,warn,testing/python/approx.py,827,5+ line block duplicated in 2 places,,2,"    def test_numpy_expecting_inf(self): ⏎         np = pytest.importorskip(""numpy"") ⏎         examples = [ ⏎             (eq, inf, inf), ⏎             (eq, -inf, -inf), ⏎             (ne, inf, -inf), ⏎             (ne, 0.0, inf),",,
pytest,dup.block,4,warn,testing/python/fixtures.py,467,5+ line block duplicated in 5 places,,5,"    ) -> None: ⏎         """"""Override a fixture at a lower level, reusing the higher-level fixture that ⏎         is parametrized (#1953). ⏎         """""" ⏎         pytester.makeconftest( ⏎             """""" ⏎             import pytest",,
pytest,dup.block,4,warn,testing/python/fixtures.py,522,5+ line block duplicated in 2 places,,2,"            @pytest.mark.parametrize(""bar"", [42], indirect=True) ⏎             def test_spam(bar, foo): ⏎                 assert bar == 4200 ⏎                 assert foo in (2, 4) ⏎             """""" ⏎         ) ⏎         result = pytester.runpytest()",,
pytest,dup.block,4,warn,testing/python/fixtures.py,1999,5+ line block duplicated in 5 places,,5,"                """"""\ ⏎                 def test_x(one): ⏎                     assert one == 2 ⏎                 """""" ⏎             ), ⏎             encoding=""utf-8"", ⏎         )",,
pytest,dup.block,4,warn,testing/python/fixtures.py,2017,5+ line block duplicated in 2 places,,2,"        """""" ⏎         ) ⏎         package = pytester.mkdir(""package"") ⏎         package.joinpath(""__init__.py"").write_text( ⏎             textwrap.dedent( ⏎                 """"""\ ⏎                 from .. import values",,
pytest,dup.block,4,warn,testing/python/fixtures.py,3245,5+ line block duplicated in 2 places,,2,"            ""test1"", ⏎             ""fin:2"", ⏎             ""create:mod1"", ⏎             ""test2"", ⏎             ""create:1"", ⏎             ""test3"", ⏎             ""fin:1"",",,
pytest,dup.block,4,warn,testing/python/fixtures.py,3775,5+ line block duplicated in 2 places,,2,"            def gen(qwe123): ⏎                 return 1 ⏎             def test_something(): ⏎                 pass ⏎         """""" ⏎         ) ⏎         result = pytester.runpytest()",,
pytest,dup.block,4,warn,testing/python/fixtures.py,4299,5+ line block duplicated in 2 places,,2,"        pytester.makepyfile( ⏎             test_external_fixture="""""" ⏎             def test_foo(request): ⏎                 request.getfixturevalue('fix_with_param') ⏎             """""" ⏎         ) ⏎         result = pytester.runpytest()",,
pytest,dup.block,4,warn,testing/python/fixtures.py,4938,5+ line block duplicated in 3 places,,3," ⏎                 @pytest.mark.parametrize(""fix"", [{""a"": 1}, {""b"": 2}], indirect=True, scope=""module"") ⏎                 def test_2(fix): pass ⏎             """""" ⏎         ) ⏎         result = pytester.runpytest(""--setup-plan"") ⏎         assert result.ret == ExitCode.OK",,
pytest,dup.block,4,warn,testing/python/integration.py,279,5+ line block duplicated in 2 places,,2,"        pytester.makepyfile( ⏎             """""" ⏎             __test__ = False ⏎             def test_hello(): ⏎                 pass ⏎         """""" ⏎         )",,
pytest,dup.block,4,warn,testing/python/metafunc.py,323,5+ line block duplicated in 2 places,,2,"            pass ⏎  ⏎         it = itertools.count() ⏎  ⏎         metafunc = self.Metafunc(func) ⏎         metafunc.parametrize(""x"", [1, 2], ids=it) ⏎         metafunc.parametrize(""y"", [3, 4], ids=it)",,
pytest,dup.block,4,warn,testing/python/metafunc.py,686,5+ line block duplicated in 2 places,,2,"        ], ⏎     ) ⏎     def test_idmaker_long_string_disallow(self, kind: str | bytes) -> None: ⏎         maker = IdMaker( ⏎             ""a"", ⏎             [pytest.param(kind * 1000)], ⏎             None,",,
pytest,dup.block,4,warn,testing/python/metafunc.py,691,5+ line block duplicated in 2 places,,2,"            [pytest.param(kind * 1000)], ⏎             None, ⏎             None, ⏎             cast( ⏎                 pytest.Config, ⏎                 _IdMakerConfig({""parametrize_long_str_id_strategy"": ""disallow""}), ⏎             ),",,
pytest,dup.block,4,warn,testing/python/metafunc.py,1505,5+ line block duplicated in 3 places,,3,"                                     ids=[""basic"", ""advanced""]) ⏎  ⏎             def test_function(a, b): ⏎                 assert a == b ⏎         """""" ⏎         ) ⏎         result = pytester.runpytest(""-v"")",,
pytest,dup.block,4,warn,testing/python/metafunc.py,1999,5+ line block duplicated in 2 places,,2,"        result.stdout.fnmatch_lines([""* 2 passed *""]) ⏎  ⏎     def test_parametrize_all_indirects(self, pytester: Pytester) -> None: ⏎         pytester.makepyfile( ⏎             """""" ⏎             import pytest ⏎ ",,
pytest,dup.block,4,warn,testing/python/metafunc.py,2019,5+ line block duplicated in 2 places,,2,"            @pytest.mark.parametrize('animal, echo', [(""fish"", 3)], indirect=True) ⏎             def test_2(animal, echo): ⏎                 assert animal == 'fish' ⏎                 assert echo in (1, 2, 3) ⏎         """""" ⏎         ) ⏎         result = pytester.runpytest()",,
pytest,dup.block,4,warn,testing/python/metafunc.py,2310,5+ line block duplicated in 2 places,,2,"            """""" ⏎             def pytest_make_parametrize_id(config, val): ⏎                 return str(val * 2) ⏎         """""" ⏎         ) ⏎         pytester.makepyfile( ⏎             """"""",,
pytest,dup.block,4,warn,testing/python/raises_group.py,107,5+ line block duplicated in 2 places,,2,"            ""1 matched exception. Too few exceptions raised, found no match for: [SyntaxError]"" ⏎         ), ⏎         RaisesGroup(ValueError, SyntaxError), ⏎     ): ⏎         raise ExceptionGroup("""", (ValueError(),)) ⏎  ⏎     with (",,
records,dup.block,4,warn,records.py,411,5+ line block duplicated in 2 places,,2,"        # If path doesn't exists ⏎         if not os.path.exists(path): ⏎             raise IOError(""File '{}' not found!"".format(path)) ⏎  ⏎         # If it's a directory ⏎         if os.path.isdir(path): ⏎             raise IOError(""'{}' is a directory!"".format(path))",,
records,dup.block,4,warn,records.py,431,5+ line block duplicated in 2 places,,2,"        # If path doesn't exists ⏎         if not os.path.exists(path): ⏎             raise IOError(""File '{}'' not found!"".format(path)) ⏎  ⏎         # If it's a directory ⏎         if os.path.isdir(path): ⏎             raise IOError(""'{}' is a directory!"".format(path))",,
requests,dup.block,4,warn,src/requests/adapters.py,289,5+ line block duplicated in 2 places,,2,"                proxy, ⏎                 username=username, ⏎                 password=password, ⏎                 num_pools=self._pool_connections, ⏎                 maxsize=self._pool_maxsize, ⏎                 block=self._pool_block, ⏎                 **proxy_kwargs,",,
requests,dup.block,4,warn,src/requests/adapters.py,492,5+ line block duplicated in 2 places,,2,"            ) ⏎         except ValueError as e: ⏎             raise InvalidURL(e, request=request) ⏎         if proxy: ⏎             proxy = prepend_scheme_if_needed(proxy, ""http"") ⏎             proxy_url = parse_url(proxy) ⏎             if not proxy_url.host:",,
requests,dup.block,4,warn,src/requests/utils.py,648,5+ line block duplicated in 2 places,,2,"    warnings.warn( ⏎         ( ⏎             ""In requests 3.0, get_unicode_from_response will be removed. For "" ⏎             ""more information, please see the discussion on issue #2266. (This"" ⏎             "" warning should only appear once.)"" ⏎         ), ⏎         DeprecationWarning,",,
